log_message,solution
KRAueDqI7yoqBxAhes5AXDk4R15vssHgluE2kRf1jcm0odr897,Solution_1
1Rd5I1PWFoIKdwJkBs84BqQW0c4mxRJrvwtDmtPUcQdcOlbcJh,Solution_2
XjbMnGdRDn9DTdVHaXw4nEkYcmLbvTcfzpERczWQRsvkUgvz2E,Solution_3
mSxEXMoZGIH0Abl8z4hNHvn9BBWbQKFEA0F0bkfHuWjZkr6CNw,Solution_4
gThe6GXWUIQS75eUYq7PrmrIzoxNyzHj48N3j1laww6cc8zWTM,Solution_5
RA5H56v7iHgLOI1LLoiTZhOg1SHW75ccmMHUB3uft98xIv62az,Solution_6
FmdCejCgDbWqojHuFEeqevkx25BDkLQig5ijVgEMIzdtX9gfZz,Solution_7
e9UdLFeBrvRdZDHDSNDnJudEOPJnS3FOD6IPvRXbm6Nqz0cBOO,Solution_8
LRgkTFaR12YhVTVbetoa1ILuDDrAOhiUlRj3QdYUuSJeQ6sG7y,Solution_9
9ExD00HDKowQsL495ne2OZLvICi5kFG6GGX9S0uPD6kQPIMxCd,Solution_10
iGMEwcDwGSY6eSlBSBhxghYBpDbjkuLe6peaxd6kYyVCx9LkKF,Solution_11
x1W5p91DW7APAezzQ8g5JiCOVabitoiQxpMDzyQFyrBYwa41qk,Solution_12
El92wDAfgj1Yy9PMdfYFVFnTrxpeUKcHEfiPj6m2ZO7Bp6AxTw,Solution_13
HFAvEXlfGLHNeCFGgtqTdbVSVDtJX7whH2QvMnCncDfs8tZUcU,Solution_14
GH5md6Vf8DIGlDE8plgkqgakt88JacbR8LLKowE68dGQBOpr6d,Solution_15
2Shzz32Vuy1T1ZR9PAPpFqe40rBjWjLL6yYvnh9mBqcMZ20NAK,Solution_16
C1XuhPg3vJfLl0xPo9QIyu9n5JmPkMNNxL3Q8SF53syySHuPPx,Solution_17
tvZFJ07n3OWn7upfTHw3HqZu1epwQdf4sBJsMFqjC6u1P8CRQu,Solution_18
VtndxyANTLRmnnybMiZbOq2Ome0HDCUZ59GtHmnTOh3QLdDtRF,Solution_19
0ZY0cLqPj3xVLriWIOXjjiDQpGtbRa35gvVaj6BLGk9lFRVPYB,Solution_20
rdjnM2RGXFej4xjrtZIlVCOnxYI49vFnMa0LYERTjrPvRE5Axi,Solution_21
Dj1u1MLYwCsOtODEAIXqLflBvU8z9Fdb62lneL1wKfo4w4gioZ,Solution_22
5B95dzMGP4wCyOkrnt0XOCsC1Owz3Pk9ZUsLqXGu3JbSriZO82,Solution_23
HjrhzyfzabDIZb6uUXQAbG1LphwKKMuhjYpxThBe6Y8XoJcSAK,Solution_24
tqTA1TArXbneNWe4EUT5pnqWx6OcphbKgokdsjlD4hEaadpOhF,Solution_25
p85AfLnTnkMS4ebty1OxySrsFjPDSR75euRY6xHinpHPa5SN3Y,Solution_26
mtk6VFUVCIhdW1hIi6eplRbzB77ooNWqRPbgHecbvlZ2oMRfDn,Solution_27
59TPbO2rfiKDSG8ujHXzsdK6YmjLK3WuVjw2tRcv5y149BJfGo,Solution_28
kA7CqoaoR3nGFqAOdTYeI7XVtu3PxB32wC2ix7WGaKrmzD896W,Solution_29
uCtqBoWDsG0BYMgxSNyyM5JMovXpWs0RPZdX21VwnBtW0SJ6vN,Solution_30
m8N1oxNB0Gmj2tdeHD7hkC2aSns0u4Hp7UlIm4blzwMeZ5o98r,Solution_31
yAmbcO6rVyidNewT4X47d2u6rSZMIURWqeq3isr1a6ThALc5q5,Solution_32
rq4Dqj9qBDfvzFwIGP6y0rvm6sTEB9f31CmywjSOI4Yi8Xmiej,Solution_33
5towRtEigdvqvYttNrMnj1QA2ik5QrPunHesVQgwRmHgMOvrDL,Solution_34
Ld4Be83UcZ7VRLJmUSRtNxhvDMJmp0ATlboORzCETPUm9z2X2f,Solution_35
vTo3Ho4eSdSnaLcgdbvKeDAUjlj3gRkAB2dPdmChY8BtYpRe4Z,Solution_36
YxsRUek6hRrl47WREI2BgbojMeLyGNfJdRLYKejPIKMC3Oevkh,Solution_37
9oZVhOnhRhezT880BIiBQalqVDmjdNKFQ5JYevEKUFjRo27dAn,Solution_38
kEEcVFLXHMOtg2LhTOa5afYnBMqeu1jAJwqO2iJrE6K3BFkvN8,Solution_39
JZWOHxHsjv9zIoI1FVQxGXTKQPjextZGZl71cSyYfcsBkdPhOb,Solution_40
pmxQNnDZQEmyWw2ciSVUQvDUHtWFdWPTqze02wEJhOvgSufbAh,Solution_41
onG08zuVTwxmoR3xbJTBXmx5fjE0BxIM7KMc6YOWsjlnIU5dq3,Solution_42
ot1t2HyZqTz4npnlLdYbCPMDW7cIR4xZqUVWxdVjZLDI99eGjJ,Solution_43
4WFxI6izoOE3q3y0SuqJd93w3HUyNUWSsM0JDG1AlAd5tV3ltW,Solution_44
FodNaMptC9aXKeKobhF566RxPvuM0vI83XvmEqwdOMIqz8lHVs,Solution_45
LnYBR7RcQJWdnp4uLCxv8WWcIKEBI3Uw4uHJKqVWGFeGeGgziO,Solution_46
wrrqnGDVnBfTW6UgCoqRQNLldebAUOJvvHeJ7iAOk4Cc5BwLAF,Solution_47
fIBhilfoplY6zHi12R7R62hKBnpP0L2ImfV09A54b0yU7bFS2i,Solution_48
zWyTJxtMtvfDyJ61LvyS4CfQE3T2P9VzrTYhwq02jcz9o0Bn4D,Solution_49
bVNQ203Fu57n5dNh2m9MIt5xsjZ3U7imMsN8XHwh4I6rP2YVQ1,Solution_50
zdL2tDlO8geNMQ88WybpFrpOwIwUPeSgsq7SkaJ8TjGP2MVx20,Solution_51
RIZ9NS4alEvz6hZo5WNc8nyIM2Ewa62j0HcRIYzVq02e0yZPme,Solution_52
hAkJHWQtwiSXmukfLjaJtTOjooz9zFmbvXVlRhKvDto1S7gg4T,Solution_53
yG2OVQn84XR4qurTnZ1vgCi0svnQMmTMLGGdA4ilBvB7y3QfDW,Solution_54
veqq6TPEG0qpBzqwmpV3XVniqzEhGP0t8yzrzYW442TektwZq1,Solution_55
8AsnUQXNizIy1mor1iZo7LE7qenxVNLShE5cCC2pHadHoNzBtp,Solution_56
ra3i3uOUIrFAioUEIMipA56GGnFo7hFvEAIA2RRPHMLVSXLVc1,Solution_57
Nk9Ol1bG1zlNbSGYPy4z0wsM4imOMxnwN46lXgnDUgOhdKj6Br,Solution_58
FgIojO6rsBmggCKM1ujOVlDCapE8wq2Jk5TxKCnHrcsHaDM5Cr,Solution_59
TIvdy7G2fzlg7IxaH54CFv38LW7remeJ7IfOPcCgmXx54dVziy,Solution_60
m26wObaTodsaeQUGDt4gUuHKKJAwLC8GH9S7OmkFwYC20rJe3y,Solution_61
GWiOq8hS692EKqsmGMATPE5SC8GMtJOCiz834n2wS2FU0Bn8gA,Solution_62
UOSMj9FHkdoF8pNUD9YTMVhnBOBOE2sx1elKSq27mP6JsPHYlb,Solution_63
MbCZqJvaAhsSbsGkTuSgcOfTJu8bHyfH845PML1oRUkAavf2eN,Solution_64
hHpHRkaBqqRqmCS2Qhj1qD0WP84WQBGRrfj8njeV9Uxg2aKBr6,Solution_65
q1N7izgC1VG75eTCeR3xLD4m7j7iu27nQIV5VJ2KH8dxiG5jcv,Solution_66
E2onO3GjQWhjcPdpogtz17VXXBE5ZxndBH0ODQditnVMVeoGdr,Solution_67
EcQQxNiZFLISOLNUyqSRjM7z6DrpYaxyOh9CWfWOl5c9uZZUbs,Solution_68
n4lMj3ifX09itud8K9xiHZ8n8dm0duWBQZC43xN6uobyZKYw0A,Solution_69
A1UgFTtN22r4cJUbIf9npG3R5bvbocDW5E9zZM0zGItjDBSNN6,Solution_70
browOhmULaqUwAcVZjnZJDZiSnrd56I2zkWSiHOTQSnZlpUfZd,Solution_71
GamoZdQiD964Apjg97Eg96WKhmiGP7tzIkNMl1jYhMLSoSNF10,Solution_72
UToOXdrJs6XpHqDFNm30qP4tLmDy5AYpcM3UY9gO0e56bF8bFh,Solution_73
bIwO8ZlV5D1tC6iAwcJotbs2yqSHHhs6Siv3xuzSmVZlL5f8Px,Solution_74
za8Mw4n8wzwT34bSJJNuyGhDhlxdqjTTJYH6aoqKPdgqvgfqHH,Solution_75
iBDv99rRZUZIsGIa8GnwrXv4Zhcu7OXX9fUqnMiryUWlRgmp7N,Solution_76
1Je1AC5bQtvHLEOH1qlA05gumawwvEtLA5oz7DD0m1WkVW0TIh,Solution_77
TIwM9McpkfX5InCBWmhocDsNWpz3VNPg6zHMnnxz0q0i2sI6Nv,Solution_78
1jQRDqr7prY1RKqCwzqRL6MLKeDeTb68hDhsviv2mtyyobPApZ,Solution_79
Es3alnG7BsR4EhQYOtcCyjT1CnbvVpw4NILsDnA8cLeYkLuzYx,Solution_80
dMxTTREfU8ifyGet1JJNgc96d9HQh5lRSPbdMVRG8gx1ic2zhm,Solution_81
ObLTrij41joAJdlSznrf5mk34J4rw0hx4e7523APUXo8tI65xv,Solution_82
LImfthUJxsJctOyr7OrPTIB9Kcg4wTl1Et2opQsB7rNETwhZWk,Solution_83
JP83nj0x2OYyCQTxPm38iFElZyIAm5MCC3vWJoUpfUk5tsEk9A,Solution_84
YWCQS6ogb8LYeP7t4cHF2QaVJvao9pQEybRiY6rXzKul00rvLE,Solution_85
lQ1fD4kOEQz6qXTpE4t02qiqAy06MkzFKoEvasELU4Sal2D6X8,Solution_86
tdd4cRxm1LGws7z8kVJzB4g9aB6twUldhQC1GE1t6tMzNcXhXW,Solution_87
VZCFQIuoDFIr28qPCD7lrfgpVKVZcrIvl1TDbp9UV9p4R5fyB5,Solution_88
XPkwVebjkv2iVYMcerJWN81a3sg9vjMIk6v5IgQoOucvSjEz5n,Solution_89
slYgjJxT938gdqZGAOTrWaE1OVZ0PWp21S7ulzhCKirjXPuArW,Solution_90
j9P2K6wb4ap2qqVPgePcVWBN5EUCmVcZL8xUcp5B2xGHgs4UU2,Solution_91
25kBKMubTAcnHfL93sSKZKEkXsgXhOnsUehfUerx7jRvvIkpvn,Solution_92
7TPihwG2jgT5Gln7mbaYHTVT5jBQ26R9pjBa99b8hhxptbyoT5,Solution_93
oktKgH7D6GhGECUMVpk64co5RFOTjhzJaggVg2OoAVpeCjAnRX,Solution_94
vTSp8KOEZO4GqU0mjvMfZ7JWIElBnboILjXQtnUG2XXlXRxBjl,Solution_95
fkF9WLIfYSr5mNZGJ67r4qkca8WYiNYYnhCEcSkg1GbjsPGWEO,Solution_96
rygZiDUjgFl00InmVr62D5Po4VBLbjLjdGJHT6w6CuYzcuJuAk,Solution_97
cj8qwo0wqGEa0NseKwAGduKw0f7tODlmTC6Ix06K3caitcPp8F,Solution_98
IFx5cOSmZxFiVkn49FIJgfO1ZcSjkeofmUVrrfioeGoe5M6ivC,Solution_99
JzWMTSCU3eAHnFuKlPCVy5G7TJVUVYmyXYIjixjD9LEIiHMsgt,Solution_100
Rc22XQH7i1cyqIQRjXkPb43ryFA6kyY2DT3sufXwlll2eo9Xdl,Solution_101
n3NUYwpwGUA1wHm0TZZUmXPSZ4I3JjU4XnOEpVsLNCsY7l4YZq,Solution_102
rOnZYfrdPz1U1FafpFu60qCb8P436dZ6kuaeq4IYLja6v5NOoX,Solution_103
MyPxTw560Puy3pmcSFTNxJlmuBSfM54kxtcKNGj9vUlvlJdsjX,Solution_104
X5n95oAkrhwkd7Y7ch2oihRjlhNfj82DEBI6KihxjecDSMnQRU,Solution_105
PgpQmXiWo6CAFa7BizHhPR2zas52Izcjf8UIFQx4G4sLWEWY1b,Solution_106
2qD7EuEhmVKxVYTBkBe8EQyo8UkFNOF6A9IjUInROA8LUuKExV,Solution_107
AaqfKosG9xu7DLRQnPmPtHxxKD3t92XAmB6r2mcRkoXUWWTRAQ,Solution_108
q4lZ7EGLrFzeGCWTEvIO7YbUQUhO1MHkupAAOLpfHI5Nl6XiUw,Solution_109
irc5k8UONUsbliZRKiqZZLJVR63kZN7SjeTejzIYuvPqhuhHpx,Solution_110
6aiBtLI5N7wIgXQisIqcrEj3BYAjvKcmXOwE9mbOSTaq5tJqfr,Solution_111
Rdm9Nc9XobrSiUNc1M5be8DWWbLQHWQdmOnGwWh5xsxb10iDtL,Solution_112
azRvwiJf3rqnPsqfy6oGtALEXSTw3cnKFCQK20WZPUoV9X2yOv,Solution_113
F7bPlKDgGr0zZNouGaq4Quoy9uzDrYOlCVmqLy6aDlTbemTzP4,Solution_114
c5Ex69k6at3eEB8Opu556KPfvdgXw8dS9gz4ndswOb86nTvmmp,Solution_115
e3hK7dxJP1Qbe3OICUEygj9LOFcMlDOTqcuAXW33ow0YGYUJKw,Solution_116
1Vqkx5HQQ8J9QnDf45gSjVRl2DcJEZYAa3NMBxqaVIj4xkRkkm,Solution_117
esVAHTuG2qGd2DbcgXWISzn800qpNlIpgi92Hqx2qJH0BAiRvP,Solution_118
X9i0P1l7PSC9xinYRyh0i21GzGWTwA4I1oAiT66j8Vrxqg6tGk,Solution_119
vvKdqtw4pXzsppdgHauH9vjy8r2I8KZ4P6ELFFLAmqvRM35ZJt,Solution_120
HuzGiPrkknXl1GguiH8n7lLFX06gY67MmCB9doWqDehrKh01mP,Solution_121
zpM7gAPeuqfpbQF6fVON2nQ1darfTdDNjZCraKTopSwNEJd8Du,Solution_122
wdvZleUdSYQFn31n7LGEN3ByjAkfUFwvkSO1fYVzafdYgH1BwM,Solution_123
YENBbz9PWpCdbBnxr6xQM8WF3GdZzmo8qIwFOLYFbeYAhcQVeO,Solution_124
gbc6W1OTMHFwszahxMkRQzauuexdhfnMbLED2IT4kVnvkbp7mj,Solution_125
vb3rFudteN3fHPRVts7MAkHa8wfxQVTKu0YT3lZ8MBx3xS6cCE,Solution_126
ah3BgRVx0CukyyTWu5WozSpL3ORYku4wUYIC5P7mT7PeKQez3s,Solution_127
INFVnRjYPgUaExCXvP4OLjsKsRu1AtgS0mIJE8QCWfueKeIsyV,Solution_128
ROy0Z1sLNGXITDGD9b99U4fRj0Zz3hM4d9ODyBJgUuKofwREF3,Solution_129
cfUXrG9OiMOHW5tv6T0WzwLbkVkNjV7miMt5fTMMtUAKkxXnT5,Solution_130
YI3T1tOBSynlc86BaaIQmE1ETUNnMzSfkZmAg2wMtM5Ib0X3l9,Solution_131
v7YRJG2ODO9urVTwi0kP7xRMicD0LFrRaYSxXWaOP4PR57HMde,Solution_132
LD9o86blw4THSQONqA0bcycVtXZmG9C81fDwqvc3uMgLrRWetu,Solution_133
ySpVcdH5ZcnMy0YDNEcdhYEBWbPmwa9EgcRVCFvaASAktroCk6,Solution_134
lbSlGN9V4QlonZeGQxD6eK0EDLaklKIcaiyrNCpkNIidAyY69a,Solution_135
g8eTDDP1tH3xJFjpwTuLWdLelEb9lhnwRW0ByhKmgcuzWplykA,Solution_136
rH8bV3HEYcfF7DtH4Sb0mMxu2DX5ce0gELc1oZfUGhCuBjgrqE,Solution_137
Gj1PQUqTGC3i5dsDszaRNoh10dJAG1oSAbZZbA71oIlUtEfIOC,Solution_138
7GbOhwoQiJ8XEDRUvDF6uBnpo7TTqswswACs9SNWkeYDoAYglO,Solution_139
jQFwbSDHAutLRhcciXoIBn5sZPercOpExwlxvOgG44oCWLGUHK,Solution_140
cyJSpQgPApkbtCrZlKVXUmCbmNhoOdtAF8JTFmJFIlrHZyH8c0,Solution_141
oqGZRkO46glnOA3ZNY0GcPnreTunyd2Soo5hZ43Dsg6FIrto6Q,Solution_142
AUW1K2DvnRD8JWsUgJBbRuOGNSswFIGdq9NqOhvokCPlRIjnby,Solution_143
kQagxjy12wEMsG4TvSSnqH6qeyvRLxvoDHdk05OKuyqkviuY3S,Solution_144
ohkS2dGLWxxUc15hcgTviMC28Q63lvXRZRcYXt9UJFWGLYOmhM,Solution_145
TU1DOgtFfiW59F177v9NjoJi0KbDhfAZIYShZ072YBazg5vHD6,Solution_146
bmfwvwVTYQRWS9Dt365koMTJaB66P3hdZ4tHHUGePLskIVfylD,Solution_147
Tvuxcr9hz0ACi4QDCvBxWouX1CjQFGpi0z4R5PJ6R8JJcfBQjc,Solution_148
F5AqDv7fSfL37vZjnSqG1E5hHYTCcs2CrL5kXP01MDOS9NfnRn,Solution_149
nQYTS4DeyoxUaBcZhq5lv4XeOU2w0PWEgxJu9VxtTKBU6XqOFv,Solution_150
ORCaPZNmhbJjIU2eQ2phQeNXgKJURtEFu7PR5wXGQBqgwnlkNq,Solution_151
C2tCJvgFbosIwWJ6n6GyZruNy7L896vl9rvRyxEXZIe9LfMX1q,Solution_152
CoeO37nbiFe1DMcC2IamPyrUNxSF0EgbAnQTfSR5kqKdZ4mXoU,Solution_153
eieOC02Qt40c1qxBXOV2bT0PEpvdk5hzIrkz5EBkNwr9A2lVAG,Solution_154
XWrVVLoQSFfuqQUQH6vbdOu2ysUNMZLdzhsKO0aZ1YUjq4OLyh,Solution_155
v5t9DIwfj3yBUKPhfoUnRi4A052gpOS0fhWG64HZacELRchFPD,Solution_156
WgFPvzLv4jFhWVhQcumxUVTQsO9gOBIQin5HkhSn9tFWhaNda9,Solution_157
CvTNH8TOb30j2LBIJzncVQunoNJwEa0gy2q4bWMtvQSmDq0oTg,Solution_158
4rLbA6QlZN6vVSFg2mrQ6D9FJH8YIOEajlVItiDtvJ2kvd3btG,Solution_159
O6yZpHfLqLUe5Uf0FEkPnxxT7wWQHVN2FlPpwgtKKHOS36HnfO,Solution_160
FZF48TeoszlEty09fxEYpycRHYflLmYR7M8khQRvbH1ep0wQ4S,Solution_161
CTjpR1xKputFZI5M99RkPLeqYutI6iBgSwmku5oAJJaJ994QmL,Solution_162
MqCGbXHqVEd0qR6LE79TbHzsoB15XAcL3IlJOjHhmeBQsLlWq1,Solution_163
vdk98o6U09mBjG4VC7OELWjkaBAFIWn4a4xacuhHerXcKhHkmD,Solution_164
O1tPuybJOyN9vbSRQYAJXsVZ6jv4ZZYkIURKQWBy8OOIsBFn5Q,Solution_165
u6J4MXczYEXKVjQXRRB5Lx9KeTcX5inxGII2zyCpwfBJf5fdX9,Solution_166
TkoVMnsmLmThybJCgYUAZEsvaRzO8SNPZWRZTXz0pnFdSahiTu,Solution_167
hfoLi2KREFkscirw59MelVAHzzBFKt5lixFff76rkPb85kPb5c,Solution_168
DwXCtTfrukraD0gozTYQfmcJZgdPxsNpaatJen9PfCBwkKgNsq,Solution_169
Tt778Jncjo46E7uKl3xhZWQUoaYg36YQvDOx908q6RKNJJpEoX,Solution_170
dilZTkekUfslt4TLobMQzFTnfQ1v6LLlhQS5rwPL0eWjwgf8h8,Solution_171
QukJmU9EJII0HFAGm4r3rZNqZz9KyVKbSOMLPvCVWU4mZ1DPxv,Solution_172
kiph8qAwYCOFApbuNtl7PWAFExh5vlVVLqG59PHmNCRAyBcyBE,Solution_173
7IGpNb2Wzq510CiT9GmPZDBTFXtsPKdgsHo9al6xvTPsgixHaP,Solution_174
oh5PD3LvHzZpdVvXRxvN5QZCWp6zuJOvOF4lGYB1gxomg7aVzt,Solution_175
IYEufnYeB6IGaoucLk8KFNomce2xtgL60VdWUuEiSuMbmmc1Dd,Solution_176
xwMS0DvApKlhDYwRv7kRNgkf1ozcAC0lJfpjULk9JxiTNcvUME,Solution_177
vfkV6WNy7Q4us1aV61Di63tSkW85SmRnoiPjjoL11c9KyLtdGx,Solution_178
EoVbG7U0gik22U6RKIRd2k3VWNXwbPViLBDIGfLrSRIsqW7IOd,Solution_179
E5MFltVRRTCPzxG29NrT4ao1AGfqtYQB8Nc08baLl9sGfTNdZ8,Solution_180
ydg9NirW1ZfRj9IIHU8XU38OG9VF32FZ2HuunJoiQ7A7gPrkoh,Solution_181
7qP21coqlik5fr8hI0AEttzEEo4I7ND0ODbDSWHqrce7NYr5wD,Solution_182
3NzcpZMFt9K9MhG6Dakhy49x2iIxqNh9xxTE6PG8c2lJ7cDMep,Solution_183
suhkhRZhrMMtNvR0lKUXlV7xQSQ6Zc5vU06VmhMd1HubJXpGao,Solution_184
2RvL3tkumsfWxezZx3utCewccGkBqFgZaxdGRyF5tnHEOFHagH,Solution_185
EktYwAF8HxyBocZeo775LxVtKGilVa7vbSPf5lYe9JVVZhgbup,Solution_186
cM7w6cdMg9TJ4nu2dN593ostQhCbDTngMY0zQiGlnZ9cUGrwTW,Solution_187
Sx8cnhkV59E2wFMw8cQd80rUlF5HZA8eMWTMP5PRORal8fQuBo,Solution_188
zWC1bv5fHuFcIOfJarP7fFJP0ewNTIxbU0jamFEAMplbjBXhhZ,Solution_189
WKNn5adsma6EMCeC9OHFoCOnje6tb5VAWgjRA2zm6CQoeNhN1O,Solution_190
3ftm7e432PIs5PTqBcvgBedvCoAK879ASXVpUbVKdysY30z0fF,Solution_191
oJjE4RPuPQ6zb1V5zYHGUejLudpySu7O8BGe9Oz4s0r1JwAqbX,Solution_192
hxCtrputoM5ZG5ZnTx9iUd9d2NXNWYw8K5Oc7OmAMfhBUKK5mQ,Solution_193
7cskmxElT7GvjJap1Oi3QysBaHeVoWf6pEkLzLgv1gdU3n1kcq,Solution_194
cB484TKcXDGT2HjhWngn4HJFuF7mdRyFHgbBn90otS5aptHmRr,Solution_195
5eHfnTZP0BTpmJU88tMWk2PhlnEo1iJZ5til5rLNk1CBfKHino,Solution_196
m8xY6p2wMIrQA3wkx4Im8yHi3dSd9ARJixzLOht0NvRNejGBMH,Solution_197
Iyqu4PEckiQVOpdphDH2Q092hBs31HBomHvMRyl37SHk2rS8GX,Solution_198
cL12acW8Uq9luGXWjAlRitSnMAvanCVtpPZd8u2fLyVlezrPm6,Solution_199
6snhd4dj46R8zBqQeXtKJhnptTNxbXclK1JmBe3JTpsp9tJhWG,Solution_200
jYX7ijVCdcxruZ3p2z8MhwTItC9O8E3Y9NsHsVSoSNrmUI5I6D,Solution_201
9lM7HVNMEhKwlreqHYNd4vzazKuHpkdDowAaJ5KhhSggfOkbl4,Solution_202
qqBqu1YZfY8uDPa84dQrewZFXteju5V2zOnOHe7rKzmTNfh9ct,Solution_203
6n6RiwfZV3ypYHQEl5cuboxwmgm18PiThWo0xz4M1wCBa6cLRU,Solution_204
PiUVZ5FmNk8XcyO16iROcUhhkdkHp9xn48c9tRJKNLWFpdGH41,Solution_205
k09jLCGdOtVj8zvWHTnClJTszyLxws4MtI9t7SfydYDI93KWyu,Solution_206
IXQiJZzgLWAMfdoYuYQ0yGB7duINF72hhT72V3RNwiBUNALysz,Solution_207
ifuJdQRMgTOmWmUpVjWQQL1OHfNpg67kBtZTwRNltYsP6nEomE,Solution_208
6gzFLOiqaa8Jz4SqGzHoHpV4TkdRQmfho2KCwY5bhupwMbDcWN,Solution_209
Lwxoklq3kqB6z5zkcyaPQ90vRT7RELKpVfBUif8elbQQg82Ur5,Solution_210
9w6q3EE6udfNSFmZNdzzhACoMZmW3eX3q4Scty0pVc8nWx0f9h,Solution_211
CqKbdrM3fuN7TNIMpCA5brxACSYWongeHBMpFrBcEPN2FYPjQ7,Solution_212
qAYgNM9yCS1Csm9eiWyObP6Iu1VriyqToWN7bnMeJ9k0PTjlmG,Solution_213
dJCe8rTesXrTVFMjZEjv87luYqzIFlRKY9U1d8XKc1ZvjzsToP,Solution_214
kluxeC4NOKPO5Z3GLZLzErAzcTohhCejRriNTyLA8a2LUHnJqK,Solution_215
EXFe6mHj8o7PIfcScxq3uAJE6Bo3QakJG32CQXmafhFR85X3VP,Solution_216
aPJVrOBwDuzlCoNdwNo6yUX42KLqGySABk8GYcVYcMLswwFmp0,Solution_217
5sly5T8oAgM2GC1L1lTTlWWbs4js1xs2iBXtsB6wkm5u100xsq,Solution_218
NVW9QAxozSoKbBrCb8djQikiSu7JAmDe6cWcJMymSZ658RuBeg,Solution_219
cdKiyP6YoXQxrfEaTDqtbvQlGaxIKwM8Rx1A4NxLfFkI7LSpK6,Solution_220
iVLXZybRBSpWSfVc5qWeUVwjvX55mOSmnM9j7I7YVjxqGWLVN5,Solution_221
kXdeCzFP1ZHjdoWFvaEAmqG29upcMtJKa3s1c4G4ie9l864ofw,Solution_222
xvPq2A1ZKgYWl1mT2zzzvvWnkhlpDPhuhZja0ACUurrAaVyuX2,Solution_223
KyZbzTsBxWReBUd9ShDn3UC1MAY9QMYSpqxB70v4dt2p30dYqj,Solution_224
wFM7cLl9GgkVvQchxpeZqBMDgWxtqY7cYdbMPFIasrK9xnCSW8,Solution_225
3ja9KBSmuWlszMyl8ubiWF0OqdTgHgo8AECwS2dNsXf43xwdb2,Solution_226
8Txgg4nLCd1YVihPze2teqrP53ofkJyNehYOwB0581Ku3BqXVV,Solution_227
G2Yhvpm4UliWTvAkFTX0nh33aH2Mgfs6oLOwgmzJGB0QHP6VAt,Solution_228
vCfyi6dC4nzlql9nxQsZDOY5sMF8etzjoaao0KYF8MfbOXxztp,Solution_229
YN77ZmIwDmnZeCuxRI2BX4MAWauLk4aDHLTDp4ZPFSNUZsMGr0,Solution_230
OF29ia88XjWYvE6suiPN9thVx5BEe0JgvaH5fk7Cn8SunYDPrN,Solution_231
p2VKSmDdqHM5FpxhiYmKRbGgAP6OiBXAgIjPI4knXnxgGXkHbj,Solution_232
C7kN33v73YhLjMTztM8eLiA6AwCQxT5Z6KJPJQKRF9CIUkrh9O,Solution_233
M3Pjn7HKKW0u9PJ1L9zRjpbMMUtvGl9XPQAnTbaLSP4y5sv0H8,Solution_234
EGSiZmn3iyo8xYa617hfITloUMtabVdlarXbMWxDPzgLDhGc5x,Solution_235
Kz3HG1RRWydtl0u1EdQQya7dvndbVl9NqlRsjHGELs9I9SZ9KH,Solution_236
NrApYjGlxcrFSE9inA1RgxXIUUmv8THGk4gu0rKtyxffEG2CbY,Solution_237
iRzNazWdmTHsl4QpwhYU5GTaa40xYPoxSnd6TRV0rhkYaEz24r,Solution_238
HKJsFQxWL99RL52HgKnXKKbJhmFswV4fK8YUO7W9GENHor2aF2,Solution_239
Vq2vUawpwwdu8b1nJIQOe9ERA4xTSdSeCqoKgJFHCuBAANuawD,Solution_240
O8DnDwk3RIzkMi3k7yqOJrEVo7H5Nk1JrMjVotCTVJ7UCV6aWc,Solution_241
Oj2VaGrQ3jYM5rxz69iG5rTh4teEybSR5K0ZlzPPHMWCB8lZIE,Solution_242
U6C7XmVlC8e93Txd7DmVlcicaMlb1p1GI7ASeaLWjCmfzGqmhn,Solution_243
x2NS8RlbioKMlQgp7dSt5N5gACzvJ2hevkHL9VQvRnxV1qY0hN,Solution_244
Tx3NPG67TC7MPeUMB6kSyXKmRAsMh5wSNOmU7eyqsnQt04lST9,Solution_245
NDalX8YUbSteFYXzkfevRsH7MVcwZwWx0DIHoR9atZSWmjBgxb,Solution_246
vHdVUS1RRHrARyxUec6xvJPcnmNfY74xjurKg9JVsqQDYeIeZE,Solution_247
KZV63iJfchfBPfXOFQ9mtatdOF8gM7kPGEOi6nSSfhMXkgdKdb,Solution_248
bPVkVs3hPQFEgMtaZq5JTlAjD0bb5US7f0lZW7EqdFhBxlBm6Q,Solution_249
RLdG1mIiPl43er7DfNIu8eqLBj0VxZISETxgKTpI37gtR5iGEe,Solution_250
euZ9eNKGHSvalIo1ImDIfsTMPZEkJB9TiNK33bQl9T0s8eXpSp,Solution_251
tDP8fqO09PN1GLbER11NgEjkSBxRMUsMXpZLRLmldngjn5SXMx,Solution_252
H9MM9w4LzgJROLysNNMzmTZOMudgGy2Oeg8DdLHQEqgbVet2Cx,Solution_253
wJaIHghQWU3AoNIgBnf7aqrPRZ2ksEFif3pWGGOV79itPPlagm,Solution_254
sSKqgNp16L4yVtJPwfrMFRLRAXnRk9AtWx6ha1hE7HNbnacGzx,Solution_255
QCOMqqqeFbsbKzkolgLalLJDEzR1TjT1YtLOCNfy2873W86Or0,Solution_256
n5paVdjkC1EQ66AqZH52GiG8pdwA59f50BzQcvzgMR2QBETVSo,Solution_257
UX71aczC423xxgZsVvs1TPR2EKMykjS01h0vtIUnaRYxPARF3M,Solution_258
kbqzx7xVkZqaRlpvGM9YxrRxUyRTNFCvZGBSN7rjQuivEgvDOr,Solution_259
7fHxVWEZBp8dy7JMzHyyiL8rrMSXsi66ysvosg7U0Ng7XTzugA,Solution_260
cy3lWDSxwiSj0MQzMF9XfKAgC9GoHU51KADEcD7EWHlWIPL87Y,Solution_261
UsUV9NpWTrXKET5C6rWcZhvWCslg8goA9BDe4VbCEExnZGVBeR,Solution_262
zrZ3HClatkVmRhPuS80yHHoDvpZNPoLk5mXYJBr3FdqwGVRhnQ,Solution_263
cpoz3RwwciqsuLUrzxyIhJF7fgg0ytnNNMdwseOMfWGRDlVJap,Solution_264
djVzYouxEm0gblWIzeD7rWrvuht6RxxjuFjy3IaYv5UxbUasOK,Solution_265
BwU2gxaLPRe5ygnet3n0Mt07T7HaFUSB03paDKKez3GIo0fSZL,Solution_266
cQD10eRccuTFZdEKlYzrgHnLEJQ1W7GTvPEOU8lIDiY9sr9QPZ,Solution_267
A3u7rIRyjit7GCe90GwzfD6yJeOVK75Xd3M7RwvvX06S1Tbmv2,Solution_268
kJRu2nvJjLnsyh7fQvSqChm6clAnNn5JZQX1ksefZWSswpRdej,Solution_269
4WRLjWU47Lfl8IIHJoeNPwXRbT3VOTDhMcDHFn5uRZQOnpvRVh,Solution_270
XAB9lnvIfzSwtAcG3CVDRoUndFOOSxmeBI1h6QILlm9ElIq4LE,Solution_271
orC1KOK0aDTnnKondJrMBq0eLbcCoXO0Xl6fHeiShUDxLjiaZQ,Solution_272
Mnp6Spe9G8CQwBX1TlOarPTCkDeAMIbQQTl4Tz97MXNFh73bIa,Solution_273
KTzBom7BK1lqE6Cv1YC3ukxyFqDqOo3Ly6T0cDTWMT4Lvash7z,Solution_274
uM8c6a0sEJwv0iwD96LNhb9XCyW9rHNgbCBiBOeE9rz7SyuYCu,Solution_275
9W3sf3xMdAZFtwXlY0gUdWkQVHXTBzN9dYfJE8fi1fZkmN2lkN,Solution_276
QeQ65craj0O0tcizQLPA9vN6HnZk7CUR8JhIqTfqCf7Berr2Dn,Solution_277
tWTiLnqKvHhhnObbibd0ih6UVnZMM5ZGKJwB9lz6X752KmN0d3,Solution_278
u35dpL0crbqYrJLkW8Hm0To3iVrdFvv1EBL97jyfD3p13bAlDL,Solution_279
tKRiBNsRLfMuYFdFNwRprRxpfaBXgAUpIdiXcnx08QAwvy6lSi,Solution_280
BI1tCXm9G9tWdEphW1rj7lfgzKPulUnB6SdFGOoZfyATnjKoTo,Solution_281
yWM1FkYi6oANxLXUwa0yH0Dn0c5lIVUTqy12kQPsVrnEVE1RmV,Solution_282
thBbGjBXZGPUxXXDpkEh3YdzTghYxbeq37OBZoEU1MuCdY8KcC,Solution_283
agIXLfKmZR7fKLL0wawnJSzKP5b1JUwFwaWr9lFc0x6SEbvsd0,Solution_284
W5YqP07Lxl2ogUWaf5bsXxAEGVGoznC5JGUG4GKijj6DzWRI2w,Solution_285
AeGRIKgMo6KRWZY23EiJ9yLGNdf0re8ASjQKBKOs3XPIfyjkRj,Solution_286
EdpOS2TYE8Hgx2sRR48LmyFml57fjQtLhb8xQbvkih4QSfrGD0,Solution_287
vhpGGA45ix8v8Vque6zp2nhrb4zbFUOUh2fMWqt2ignKfpRJoz,Solution_288
El3a5NkMRhmFdB79BT5FhKxmvWQlxX0queDifwlbMPEZQMICg6,Solution_289
6yv34D6JlpFA9BwSsLXKPfkemDNnHW49CnnuT1eyR7YEJfWngB,Solution_290
wUb3WE5bN6ae7fvPCxrIHzS8d3ZFfsj5vkHYj6foqNVw6KTvQn,Solution_291
NjOFkQgEjZYjYsz8myx5lmnxkDr2iIJHighCIuVR0xFxhGGZqV,Solution_292
iMW7b4stekiVK3JcNU8LE66FrdSQq4mtraqZAR4vGJJwOShFAQ,Solution_293
mkgcAQbRsz5k9OeJCuWM4jmowdLaTJWhbBxQRr4wnYznigGsxs,Solution_294
nd3RDokGULcd0pFp1kNfbI1TatucYzIcPgKJE0Yh3XMqe5LTxl,Solution_295
kPbyJFFiFteyQDLaw97LX1UrqYppw1hahFhA3bns9wDcxo05wS,Solution_296
6d2F7rANyztBpxdf8V8rUsPkVwaYyZgshugOqYKZkxAAQKHhGi,Solution_297
O1zE44MwUFcNqgZ1mxmWsvvWBligp1Afcs0OmMNTCGVnfIU00u,Solution_298
MX7K2kRcE2nEIKerIzpldwLfwoL94bn23scPJdDt20cps6gDIP,Solution_299
gfVEY1Cp7zvKo4e5DrIwkmD1ITRpkOlViu5CKz6zbdqEZjmUQ1,Solution_300
4U3lzuMIT6P3eoEj75w9qKJfuvEQMuhpYso2D7zTrCgtJR02Ox,Solution_301
8QeiQLQu1NfsckfXBmuxej5s9cpmCw20ht509KaQjKq9gSywcc,Solution_302
oNd2kKXOXjQZigPu0SSZDkFvMUVh6rsadbH5RxIgRtSwte1W9i,Solution_303
RF1WV3meuWs4ZgG02qXtJWgagZ6SeV7dO35rFw0XawAGA5gtpJ,Solution_304
4VEKleKIWVPZNChvGL1KegofTkWJGcJSaKgU42vDDjNYWxteaf,Solution_305
nEeB0rpopBoeL3qBSf0AkQgBbmg6IE1Ypah95nP6JHqB5wUNf2,Solution_306
4YbG22bXz0EaNXBwUHKdlo87F9ySwrTqSasdtSPiwl2F7M7UBj,Solution_307
lhH1G9S06UvGvUOrnY6a9ZD5I8q8ZjkHBqGIzyPahE4igPLhR3,Solution_308
W6I5s7ZB0cuzrB3khIwbsYr9BtOVoyPZaopgKELHU1VvYtDGYv,Solution_309
enetzcDQYNPZhq0jjeNMEey9PrLUAw5WqCrIWIwFHKYIoeSbyF,Solution_310
7HP5ziTZLCYhWuKBxxVcmk5W5av8DNbyvDATmIg1DwHX2ZqsTM,Solution_311
ootzZrhbliLZ4g8Pv0T36TIlrGalvNTv3j1zfRk7L3m6ItpHwL,Solution_312
4NKK7IqLDhwYGRN6iNvVa7cVwgYQcRykpxIqKW3983T5P7lj6C,Solution_313
JMSmdjiwM9oQ4dY8GQRSBDA18hxpGp3brbiMOrdI6hCDNKMYGm,Solution_314
LoIcgvHYJxKe3L8p7MIwwEUVNTEzdu5YpScGUZYMCuDK6kY3oy,Solution_315
hfXfgeJfiPXhgPfsRKEpMKfnr4D2qPvlVnM3vtExSYhzzD9emF,Solution_316
TvAuRDKUgseOFaOnSixyjubLw8wF8zprVBmEVdK32F3VNbGuqq,Solution_317
FcwHpWwA0loLT72Xa7o3W7TtGrYOAyXp4EG3A1pMeM8ehdlURC,Solution_318
YsCdzK5XGqFj0TvHjuBWY0uKBQN1fhWB4CQMbdV38Zudf2BzgU,Solution_319
wnRfklnr9I66U8AmDlqQ7jZ75uZ9dAFfW0qrpURopz5uewiZbe,Solution_320
QF60k5aUJd77kuF5GYwwIU18FIyIQVzjMdjmpQ49LusJwkvjCO,Solution_321
G1U66whKqyAMBB0AjErCfjZikEf3gngq2GXu3VuLZH0FPm7V9W,Solution_322
5w4OYUTrjIRwFQhO8skvbzgzAwlkuPAvUp0sao98mQ3Rf1J7uk,Solution_323
ne55CF0wt9tht9rbHSunF54792EHHv3ILfuPgSw62gBac7SLg3,Solution_324
sFSKiq2mgOaCyQlyLtGhYu98q7Uzo8JK1x7uOn0DNaoigt0F4V,Solution_325
oBDpDJTEr57N5LthDuWhgLaWAnscrxNmaD4ECNgSLG55GiQWPs,Solution_326
PdpYz8OhIuaT6HrxcmWrCVXBTePoQaMM9ddZ9ONAp4JunNiz1R,Solution_327
d5uvYzxS0gP281vBOUQcQdP9KHYW5e4pZ334A8eVf4OcFuuSnd,Solution_328
1Mnf5ydFtvEbN1AnpM92f7t1xImTGsSLqtRWt3zxVpIyszwLm9,Solution_329
pp1tgUhAd5hWTPC2s6CU0YYb894OGAdFA4znfHwbr10s9hgMhD,Solution_330
tDH0ajHqSN3XK2vArohEXbQmayeP3bxfcDQIizwkKnHdXcxaic,Solution_331
dYiNQsXDVPwHAUjKrLcfs3kkv6SlIGtgmyaHvhhkJ3w30VuxeS,Solution_332
DTzQ5IQWgp7QmmOEgJODGriGVN8col7WIO4WlvlJDeeTfUgMmr,Solution_333
5fa8BcY5kf8UpvEg02oten8eQ3vycieqnCxmtOCNX4FyWkEpkG,Solution_334
6pfotzfsogj0KJpNuFVG2s1DBiSGARnbaNaOhKH54sVfpHlkHg,Solution_335
1QCpZpIMHwCYZxNmLUTkidzn15elpwbaKO4B3aK4nT5nJQrmYA,Solution_336
2APkmnvNx5M7NgAtU1uKrifMRX55JUwsoPHY9Oypvg31mAgyQN,Solution_337
PQI3y5jswvvNjAhViLPrHwYNYIMyWegs8ZVHv2cT0CvOYRhYGd,Solution_338
7iw1fck09XLpCK4Kh7YR2VRq7DspgWsTtpYlh3xLL88JY9U7YO,Solution_339
l6N3H2sbhuSaQQdkl8BDTnewiVHYWSFWOHWACpRidX0Ey9uov8,Solution_340
TzzX0Aeqe1rGw6TLTBRJObstzpVOUaug3TkbyjhSL7nDhzCcfI,Solution_341
I1O4NlqkgkEaAsV7U2vrdyF2yblUcPsL8nzLxer1BLgyYysUOW,Solution_342
lTFHyrBoFHxNIMLlEshfbfkDv53PXdF0MIO29gtxSKWHW80EKd,Solution_343
tvs1ba3oWeHl0ZOzxoIOvgbEDT9netw6L8PxIZaJTZjUDCcwHC,Solution_344
FcOhFbgruTqlxqXSejhSeVD7FwziCs5l9rLjwbAJWvkdDtG650,Solution_345
rfecdeG3DnWcmSJNDsFlMtolfJbIg4FMk6sbDbzviXRzNB2lTv,Solution_346
VedNmBj73PEvAfwlvIDeNX4SNn2QfYQgEO19m32pH9bdMasQ4I,Solution_347
uyi2zSVGnTwChVqMG03FVzgLDV0K7ETSU1Z0TJ396evC0xUvY6,Solution_348
wyjy9YNWpdG1hLsISfs3Wnr8cR4Q1ixuQkNMtYUNihsKNiuvsm,Solution_349
12pgQEkfJRvaXKkQgdLIAoj1qL48jp25BbKtxwBBzApvltv9no,Solution_350
wHMv1hbyTS92CXzmbijyzKvsMe2QH5GaFob57EG1DIG7c8TEJX,Solution_351
BrfxzwECBixlyXJvkbwKaTTwBJdeRwmc7YBbckm8f9yrWwPUHE,Solution_352
6ezwMCatOmSp3EZyBCithBE00kf061HeTmix8VqAFfFA3f3tJ2,Solution_353
zWhfyXkEtK2uO86iruTg6cEwQVbxC64RXs8QZjNKUF8nNtCeaw,Solution_354
0Ed2NUzLbO8YdLGNEkJn6l7O5OoaljA8t51ZX2G30dozsxoJQx,Solution_355
Gb5qk85m3BhxBt4daWWQejAcDqVK64Ic7TJtHvOIEMP9GMJQbe,Solution_356
WOd7LM0y2SZbi6gspm9MkdexbkoUX1WoqMoFx6t3Q5U7IVjQzP,Solution_357
XON8ofCRk3NpwbcJ27zk6S3weKTVyUY4OZvm4XCJYdXUOzR1zK,Solution_358
3zS18Gyf9kTxGV6Q5pREX47APRSYpUf3ek7o9cY4AntLfjtEWM,Solution_359
XyCqs5B4okUHYDioiumSZJJpl0tzjHEBl1znCbGtNOfAS5CPib,Solution_360
VdpnMH0TUKYKpY23FaVRQYE3KYNtfXCmmKzhU5qmEZzlKXYOWD,Solution_361
GtHVBX0gc8Qohyu0anoa5wEb1gEgFT5SYsHvRREHRdJSm4SLzL,Solution_362
QMbWXKwLE1zu6oOJ6EguEDN4gPk3yTbiarLZrbC3puU1Ua44Y2,Solution_363
OsYFjecIRD42aK9eKuQ3qNHgIUsTvGkJ6fVok2fKe1pXF6CtGc,Solution_364
yzzeC3dpdyDiymHGAvDOgPO9WXFLw9o95WKuDwlhKulCQ4EMj3,Solution_365
36QDnrqcMmU5XtyZ2C0sD40ZfM9Dm5xdySNns5n83Pa4IcO5oD,Solution_366
R0IzUuNIXQHhsjSwuKjL77PRM4HpSj9B9w3yMIhkgoNRa1j9KY,Solution_367
IlZKqn2oyKvvImfJ5lyZYc6pIJm5TDINL0NzK0O2Nhzvz9cjG2,Solution_368
vsL8ak5lTjoa9hEQeZGrqVahUAhpiDB9JLZWQEGJohBCGAsaiN,Solution_369
VHKZoloIOg8TiUtZK5MRSVcGS243NWRLTgs6O5vLVVVq3njKG2,Solution_370
5i8muoe4lFdjo7Mklrb9K7lQIvIV4aUgLvTAdFUnSIk3d4lrzj,Solution_371
d0eqjf6liAgusgRxpDdtGffpioFCtGs0DYf3ewRl813etmRfUK,Solution_372
4llmNP85YD2bu1jc7UbBvPCOBrjFdkSreYJmiF18uJd47ldXNC,Solution_373
7kDGTZOB7LKMe4XWbB8a4NzK4kAFKWzFInSbIhujFAlc6zFTUk,Solution_374
8J2fnV0ApgGQnGEAHxwV7BlpWGqYg3AVbICJiXU25B4GEmRDkq,Solution_375
ERzk3DmrTHpg8YFAZYs9QMWjkhmAKi00CIdLy2swRU5JwWdVlz,Solution_376
1L3ZbVgYwAcsdI3JqES6GiEZGZnsnxEEfyHLGRrWHn3H9KaYnr,Solution_377
0DCbszimmTEG6LYINiKW53ZzH3B5OMIaU2RBNV3gzE54zntpza,Solution_378
1efgg7muRiRZ2FNgdSVxkjEgs8dx8GORbEMDFJ901LMmbUID4n,Solution_379
Nsr0tdxE12EArxcom3peCr5j1yzrYAYohmQ5LbJlysmSFpv5o0,Solution_380
6n0hy9phuL0ZC0jYMPHZ2iB04Yf1SURXgwZnUmwfJeHJJV3eP5,Solution_381
8Xbl7wARZhkHcmiMjlvNJzomV3BD2YmgzPZ1enhvTxMDyZ2ooc,Solution_382
zA4OnTecREWbxrIbXDDvDsBWzWdn6wx3epred3qrGusePxP8Gs,Solution_383
HBMqNlNkuiumJ11VSSNDylgpys1DSg6TCqWJr0LgMgVzrD1xCF,Solution_384
967pBqKFEbHNy44qIP4mTWJmdFHLD4mJRk2kwq6poh4UP1HQtX,Solution_385
Bfk3HYbwR93ACmSfcjY1pkk04oqXa3ipLdob7eQycXtscKpeQa,Solution_386
oqdkh1ZC32R6EIbbNxfoL88d44EkvXWIFTzs4RpJFonf3p6U4Z,Solution_387
v0gKlq1izyUrWmRsRrY8IHL4hTHrbqNAAApVquLbabOzOZU5rp,Solution_388
GdEvCJrHTPtVUZrT4ZIws3BBQjgAfhwHvJvAOWyA4FsLRofRrR,Solution_389
K1VJ5vdvgYnNRatlqu19ljOQCLwohaO657e2jTldqfcMbDL91a,Solution_390
y74AQ5pBCemvZood8XEONTU3oy0mQj63hXd7UDbYVNLrLC9UCp,Solution_391
geijx51qn96NNcEDCIUWBd2ZAerdoH8dI5Av96IeY3qrASwTOH,Solution_392
IZl7jh2dgq0UugpAYEPECbrvWH8ZgKyJNsko0IioUcPid9LdRc,Solution_393
E3hXCdk5FlcOXfA4t0AbZfyV9mjLas6ko9x20qN72DWYatD6iS,Solution_394
5belScbF50LopuQonmF8PbWfdBzLzeOK5jKGhtIW334PhsufwN,Solution_395
uYLXagCkVycTZk5oh5PP7WH0vLg0Q3TKielcYvEJ57RKFpzcOJ,Solution_396
QJjYZsbEUiGgk8wFfSeJmOlsYKLZq0atTsjAtVR9rzQ6lC7h45,Solution_397
xjR4M7nJElGSf3SMKwPm0cSIhWZfv4Op31a2LMI7VsMD8oIJNK,Solution_398
wABdk2eaFrUuh0VJSQtYs3EhtKkVbCdCLWQKHqBBc7NuAYQ5Y9,Solution_399
iWw7hhHZgc82DQluR080ywvmGOYlIig6w3lO1IIk2giaCYlhmb,Solution_400
W5svxOcNSdNDFC0KgGQn06RFeMgCezlbM3O6j5ERiGuIhUaWff,Solution_401
3BOVw4HuScbdvfkxt9QQBUaec7vjOryOLd7YxbBXh1sFWhjfFL,Solution_402
VyEDLa6RIyoO5jKREVp64Zm2rQIIN3J9996iodoWEYwUSiOzZt,Solution_403
jYaBm8n2q6RSon42OLJFmNWKzGYM6CcpMZBOqUr5tmjOfqmugk,Solution_404
H5bN0Iu9lp3Aeo5RCYn4iW15SLTziodNlX3pTY9fKieocDzKqP,Solution_405
9QC9mlE4alM2JSos2n4PxrM7NgqNhVGUeD9oYl4UaU7C6Y1TKl,Solution_406
CuLP2IrHMfT4YcZpfr0UwoGavfjO1PabRKBWzf4kMy0VLKDC8l,Solution_407
9DwoDRUGSTkoGXwFoo64gEeca9l4IX8FcUMRdgNDvILnrxQvGc,Solution_408
X7tKVYsV2BHXLun9VFic9QktUiTNuy9RSM2bXgwA3je2y2zC4K,Solution_409
stRodHjDAJI9c18kdwNPRUX9AFIdfNcRZYF7YTG0p47LDABd2R,Solution_410
DQc8S9Jf8IulsA6t1OFlY7oHRv5LquLLAGhD9fWgEsRnUaKrFN,Solution_411
PnjOvpNs00y91GnOmIVgoR8GcHPmDc0oRYoPwJ1jba32IRCkAg,Solution_412
H51450yQ8hX67pwFw8WBo2QBYICIzgbExVzfcjGToVL4oDVn1p,Solution_413
7GCzfB99plx6j6pHjyRktD0RZYCT1NwQZeIngCA6oSOIlCY9N9,Solution_414
VTSEUn4ZOz6THk2F15gRVR8gZTjL1UhXz7QaEwu7BU2bBtTCPL,Solution_415
5BpiQywqpImkskGF5F9zPK4F46zhJpfIh6JfMULhQwld5glm6E,Solution_416
GIPdxHBXp7KVgwOhFyaDfdwLhf5Pcv6ebCsdZptwo9wnSt5aol,Solution_417
rgC3iV7d3DbLDfocv68Nf3Uz9gSfuC5nnve5R3D6rbJgMKIxi5,Solution_418
bVIygP2whEUX6wGS0RqmLg63U74akrYSIOEHsf65AkPBPHJmU2,Solution_419
4udZf32ZvIdFJZa64Pjw3Y9OMJRVtWpwaa8KkoxwkGxdMFHHeq,Solution_420
y64eMiaFKP9qLBLl6M4duER0QXfxwWWBdVgmW81YTDNgGhcJpL,Solution_421
S2OBAEONVoitTyDDvpZ0rf3FJWrPTgRYS0iFYy4QTl0Xt93Mgt,Solution_422
J0mxh9RCeawMEEfusOiWTMiSSz4IgaJzwiZJSw4TC6RRpi9SJy,Solution_423
AFyujzjnxmYVaxnazo1TSGDVIsVbvx4uzdIT1c8WI9j38c3gd1,Solution_424
oj5dTMNCNYte7Vu9rQ5TNcjUDOc2ZW44S0x6HErcSjryUlMzeo,Solution_425
yEFNlAmrl48JoJsDkSrVF3ru2hq5wTrP9mO77B6QcP2i0BwwIb,Solution_426
XEhDzx2DxQ8G27LJj7zBoxP3reMWg58nzhc3iAhYh398YobN0d,Solution_427
rQHoOzdusef2rCZGorTIQteNCRdla4xYpYFq8cx58Ftrzdqyrp,Solution_428
4R0a4eQHDtZLKyx68hJADUWXG0a0whG992CZApwvPwWX5WaHjK,Solution_429
yQKYkGmpTr1qzToBgE55hrgGTxjd677bPxRDQEgRvuZm4yHGqg,Solution_430
oD38wtniDhu1yDJEzwrVibqJICOqxsHMVSxuuORfWNX5xFWUEw,Solution_431
ZN8GRVMBNM6L5pfCEcXypY3X8JCqFn7ve3O79N2HTTYxPSx6X6,Solution_432
b7D9XPx08gLaG7qnAne2CDIraSKGoaRMgLq9QCSC7AUttDewi6,Solution_433
7NmwIMsXFFeSR2tE8BSXeont94dANS9uZ60VldkIELfwxkDkU6,Solution_434
9252VPNIhcO9ccEOKiAXQMHxv91gcRD9gS23QzIHsBelCUDqnU,Solution_435
PrTE7XpdDSCW5TTJlRFsvPHCOyCGKODhY9u7ofbo8CO1Z6lMmt,Solution_436
HB8zohu2UyyF0FiCW7On78EqCAr8ChX9nKZvduM7u170I1Ea9v,Solution_437
VJRTtRAhHeGLiX1dTZqvyW83tqg17uggPDCr6reXBEgzmpGisW,Solution_438
r00wme3AfOCVueoY60DqcNYS8Aox9pWwL5pC3Y3Ju0j0XM2QAj,Solution_439
2qXuJ1ab5r8F1cg0A7iK3K6MjUUmQ4ImiQ1gqk5PAkrk0GQU11,Solution_440
Vin7hXC6FKU4RroWSKnWBAy6EP8RbKq7w4EAlMZM7QPvi1G6qX,Solution_441
koWqrrYgJWrlNLAVPqUJsmQzTOXSAOHvuHFBJtKhhlhdtGGU1T,Solution_442
cenhQlixIqGe0n3B0d2WpnbTrrEoRSOeOMq9EnDXGhYyTmpJAx,Solution_443
EHFsAPiKUR3SYOCFKqVS1UqCW1f1Nvqv11QGgkxNJkM5iyWIDc,Solution_444
GnP18WVmIbzM5oiLbTVtP38i93gy4nrP7LgwuZP3leYhnlfVbt,Solution_445
ouIuQtZo7N0LhfvjTqnPAQGYvAyIezjg84f4tgWJ1FPrMA1uy0,Solution_446
NSk35QNw8XbvrlCrqX4ndJEd7J2HxHYhIDJ67k2W8Kc8SDw7nB,Solution_447
xBG3ei3axh5LhhvQFoYL1xlRlQyK6cF98rreqw6kDdepWDOeMb,Solution_448
1ydmjWLtgZmUmFTFKDijgNx8beo9GTdamKL5883Q2N2olYuh2j,Solution_449
QgQny8LWn7KNChR3KhgzD7gFKnESRDmXgIuVhQyBFQjpI4lHS6,Solution_450
2Ru8O3yiVV4KPsNzjVeQGEabPWM1gJL7I1BoKl49Dc6Oy8fzd9,Solution_451
l0bjBzKh3B69RMiaZzH4bDIoQmpXRpgYEefksTl4VFMUldsKwi,Solution_452
02aWEDYo4HPd6FuXr9qUNmwAqGeorWAvANiin9capfTx0pHx65,Solution_453
CdDs5Ox7TrB1gT2bbWWG9APvJ10dcZW1QStSkqTrcfoQHfQ0i7,Solution_454
z48ehSrSQle2KM1TP5FiO6SDuGoOMMpV7UP2Nszz86qaIWWQkf,Solution_455
iX3Sm167evhbOdOBy3ThlaHbE6yDUV8onkDVK94bbhdcaEtEba,Solution_456
hz0cj2KqPZJKVpVOMVtnBYDcgPQTWdPp0eb8NokdxhdXn5KnY0,Solution_457
9Uf6unKxhuv1TsbBuvYMmQcWAWOFI6QanbeU1ur9bAm27n6ycy,Solution_458
Cvcr9tu8lv8O8ocRmgulbYLLqlAu0kcEP3juI68rj7YdDM9mEG,Solution_459
hri7h6bp4kg9PsJCetPotd71CScCdc2TQdYuUcPuny8nXpk4R0,Solution_460
QZcjpm1w5m1KEXjIVMa7OTzFSCKh5LIJtUTRomT4R3reROUc1Y,Solution_461
8drfJlfwgY8uFyirh0MyjqIkjsKh6MWcpgipaPUdZp8doov3HY,Solution_462
q8fCRQhEOs8cjRoxuHcKqOVfWQub0wgpajVyYxtFEpXmtn4JVR,Solution_463
nVAhtk2E2Im9cJbIogi27Yv15jVywJkvcKscFvSf7QDfpTvjDW,Solution_464
4jacgY2RK9MZL9rECYa3Dy15fSOEk01PA0jwbDLAqRMZJgk4VT,Solution_465
yoAiw4aGHJywhdqz3HqSeHk4NasVxFJMEXDbTC0i8f62QNCxct,Solution_466
Ad8Wg65caEypokA6T2cH45SOFPe93UltEXknO5q32qpaIIIxr9,Solution_467
OSC5B25zMVJlBBXj3HKeluBGjDzOzMjTctTYV94YNxwN7hT909,Solution_468
zRNkfJJ66MDi9OFmZxN1Ehc0ziaJ5q6nmxUHSRVtaFF0d9Mxmt,Solution_469
ABkQHSChhvs3PJLTlo2VRgXgdkP4zvEUTvyCdmgKq7WwDV1OkQ,Solution_470
UPKCHpJtPGXZNPLrwHMyj2goPC1zNvOze340Mj26qrYiIqbasc,Solution_471
5lxD7xd3vnGtGxZlp5hq4zynHh5A9OFv5xxCNYldezishGejtz,Solution_472
NrGTuHJMTFkIF6ufTi6Sh2Yb4YdFs9vVkzUJI9YtGHPHFWD4Zf,Solution_473
Ey7c6H94km6zw3bPMK3p7DGbMHEJV8tCRLlJRMQnjASZyXBbah,Solution_474
8W9v5fe06obdhyJFVCdrDTLU8pJicTsJ5uRBEdan36Q9gWLJlQ,Solution_475
NJIEWUaougsNi8HbFkR3Ty6BHYPGwJqT72JG6KS37EeUZ7gZ5E,Solution_476
JMvLr8BidAvM09W4Tmb62nrmPvLW1Cyg4ChN877HOefIo62xhw,Solution_477
ltly21t8IoLCgraMjYaVMxKbJSbZmoJckvoS8EtXggE69hKoCv,Solution_478
XAAKhgd7B1tuEP2KeGUCDSqupHNhH9apFhUeKGVtZOziN3ZOb9,Solution_479
UDTPiH1He1hCXhF6zemu2L3CbFt2ag0hbavB46e4IDMXCt1BCy,Solution_480
ROsnpMEO7ERovtOK7UDcO7kdIFph6rKGvD3hOu3F4xlguX39rL,Solution_481
6biabuTo3w2ictOmzjrtCJap0F6HmYF4GDkEMM4GuFsEzPlJ07,Solution_482
159XRT9YqTMkk1vPRjVdWUX0kCUIpQFAp5UnOnOq67NYwyxPWc,Solution_483
zFBThVrsCNW7rEGNA88zNuF9665bv1DjXeRdn9EYQKjf4Ily6w,Solution_484
b6j4AEDBmnjuGwCMmQua004ehTJQPpKVk9NExfobPAQ183EhvX,Solution_485
q1eXRJyYG8TUVlfKd6u9M46JwEczcW0Tr6NYA2F7l0haN5CZzb,Solution_486
YXIshvL0F5Ukaz19I7MGxrg5rMHivdMz0VBKSLj8kzJlbHJjYv,Solution_487
5pg5QKO1TD4rGfFbUYDowRgW5sJHTQtyF4IqlbYwZau9LqKqUj,Solution_488
UnGLZaKPjnEQ2sRH0lnv6wEi5sTP4S24zS3YIKLhEeQY8QJ3TX,Solution_489
AYYsPpzoql1GaGz8G4qakY3vj9lpJL8m1bB80qaDKBuOwlKlne,Solution_490
kcED2nrugcovTs0crE1pfO9j3wBvnT1S6Xrsopm1rmwdVDtTfG,Solution_491
0SsFzV7IiRvWwjb5Ph4YnvzDFBb0b9Q23dQ3tNX6UHevkMLV2W,Solution_492
JyCsF5WodzXvAWNGGTbn9xJJ00hHmfuKaBIDiUItODaA3dZbrg,Solution_493
9U0tAXQ0rN7EYSilxaATnqbPlHZztOPWlAr3VS3ei6cx6q43pg,Solution_494
xymdLSJuVcBDHZ7gHRatcR3MfJAOZEwqpGeELSjRK8fReGUwvr,Solution_495
QbKBihokfIR9G1DP6CTpiRMD7MI2dZS69ZvHiceS6DJMB5sMyg,Solution_496
wgWP8l0rfEwWxwxzLoaQmHWHt6BYNCMK5QmQG0K488DG2wPWD0,Solution_497
MJtnjxfyiNSCUzk45YWzjL24fyS1emXjWUSl66vu2rgslBIRv3,Solution_498
qFrvs3uBWzuInYH5YxCEKi4L6cYJouRhAo49wnZbymwZ15Ml5A,Solution_499
k7DdVAjp08QqAIvV6nw4Sf53xQPxFuBdGCtD6CP2UUboNButnl,Solution_500
w7y5jMHM25rpy5Uz5T9kuGfrejgmivUzTl6asDqdNJXyaEnWFC,Solution_501
Z57s6A1nfNjZ3KL3G6gWUz01tGhSX3Bb3OsqSfazumEGYbV6aN,Solution_502
d2zGUncpm4ha249sAdYj16vhriYF7w37RizEkBZNk3417wRk8e,Solution_503
Ou5SYA2KSEE2fArBhmCX4fblJrq14AYAxKoRkICfhklBRodtpf,Solution_504
wPh3kN49imXN3F9XO3d0NYiSon0UUak2HlBiWxJChYjRpDkgDj,Solution_505
5YrmFElb86LTpoF894RbrbQQtR1MvDxPOWh5BN24CxPVdxAJld,Solution_506
sFRby33B7OI42DG4QSRTkd304N7HXD2VhJKFQ1QdXTnaKeR866,Solution_507
F1Vzeh6SIuegw3SSPMT6e2gkEaYXlJf1LBFgq9RWfbLRb41YhA,Solution_508
RIbiN7rKittPNmEW2M6nEig3SvrGHtpgYetSfP854VCoAPrYox,Solution_509
L5KRkbMVSnlTYXxPXzeYtOfwVGADEkKLOeFi8Pj4yAe6I1IBgg,Solution_510
qP1WuHMg8OSQvmNDQi7NeyX0kgIidgyMyguhWAhoRcMeVRZPrc,Solution_511
relHFxcctHD6Iss75mdkckUawRdx04I0AEa3CpQgFgqV3Pxps3,Solution_512
nyBPG0yoqCYBADklhPa9aRbL06XJqP8GWjZYObFKG1dxJlgeYl,Solution_513
4Pm9cZCVozwPAd91oqwsbcgMwqx8qUTCP0LRbkLT3rpFd7qCnM,Solution_514
RmUSDnqLxYYu2Qsgz45rwdKbc9z1Gp6dWKqWrtQDPVLV1iqHlT,Solution_515
DaD79AZK4yahmPV13Y7rKeedvzZ54Xpn2uBIP7dNeVa5mV4ntE,Solution_516
Ynz4hLEHN3AfOnxwUhEfLCatom2Yaw9geM7Fvke57qJVlCIGrb,Solution_517
nvb6Gngl0JtuOucDyxqrSVM8XGxVL8l2ereNc7OZBmc3neQkuY,Solution_518
YefUbHPUt2G7HLDlTjDElpM3xp8RrTrh43L3vxmgnSreGaIpn1,Solution_519
UIntbtWIvi7Vwdtry15nMpE0vtNm3WOVU2yH2BZt14ntOazrU8,Solution_520
ohuUsoV7RXCgAdrPJTmTpdvLz09lU1m2dLRauJju6hNO0NEDVH,Solution_521
FHGXQT2LkdPDHHeGMjTVxaSUmzClvwB01Dsg0qdKIVjc98U0Hx,Solution_522
s75TpkfzbZlFcts74SF1q4uMsPzqWzBKn3tKXuKSKSpiS18jjm,Solution_523
f8WKE1faMunRVik1RbVKhMug9dHteQ7R9wucSu2S4ohH42gUql,Solution_524
X5dv0rTKIf7uQcvg9a1zbNVM9P9PC1JrLEbBNIzsju1hhpHqKq,Solution_525
ai6gsydJwU1DCwBtAujnC98rX9FnIzpOP3ayn6cWxL8szRp0nE,Solution_526
YSyawGI4eRJU1uj7fZyCI7U17p3TLhAjYTAhg6oDmscBbGojft,Solution_527
QtsBJ1tVI8Pfz1c65711nyAl9J6UY4rJMbhisW3Q6lOx9yvOl2,Solution_528
EgJJtOHio7nGmllY9Kx4MMhmvz7QwPIRerh1GyvMuNDRBu0BIy,Solution_529
1oiNEWBMJGc2M3DMq6tiH8Tp39bM8Up1w5n1A0hTNjReG6T0tz,Solution_530
hlQcNHSFVWv4seyW3Nkh3htac1X83dOFus7L0hpw41pB8OPImM,Solution_531
Xlx3jFAmCScvR0wBCvXFV2RGYZNV5pXMmnSrPLupT9g0H4mrnJ,Solution_532
ns8nJJtaswwXqfN9spczsTNxYNN24jADMPDGEkF18udVrvPLRJ,Solution_533
GYo6P2QIL1ASPcxSXQQe5iEfVe5WbgXNH6FOkXkxfMpnBPcdZQ,Solution_534
1jekn7CzARAne2eMO9wLJSjoLO6zL3XfhCHkrbGimtqWzMixFA,Solution_535
limkRYcV7cs2xTtusL1c63ealbMjhUNRYC7lvcW6u1EuJZePsm,Solution_536
TVD7CiOloteduYg8TEWYGkAUU357lHSk6z2guyMeLXqb4CZIO1,Solution_537
q7NN4hR049zaC0hmqHYZSnx7mwVQJBLmW1wuvRq2gohkETvCAI,Solution_538
F3eZB37OZOsIbPoOJ9I0YboTI9FvqNhyOr04d0l9codWkxUx5A,Solution_539
u3K8U2qeTlxF0VlfTvy3ZggGVoCttF1YHkcTvHknetQE2gmub5,Solution_540
hk8t0fEo3QXUZZ9kOJ2rjr9g4X3tsTfBwkL4dZtyAdmo4f17Kw,Solution_541
7Gx8YDRg8vYfgsOkYS4S8wJXDyRNUsa4pAiE80yZfKQHtEboR6,Solution_542
x56VAmZ28HDM2n1LOQJzIZREYBFsSCUfgLQEj6zQZj7xSXUISa,Solution_543
saaLhPky7IAfalFGNg1bsRIfBWV0J3nVDSGDO232oilPZ9cwvT,Solution_544
BLLzXDD2jNmIQV2YoCCj7zdgy1lVSPWypuhRA2XAv3gMwEOA4U,Solution_545
CBwgXr8XyDnBQOFsoiYuisaiwBEZUp34MRJRxtj1CJnT9sh8ex,Solution_546
Rz6JbRrEODKNz9SZblvKOG16BdR6QxhSivRJdFM8Y4J7ducWs3,Solution_547
7mlxall1pkJcw90ZVBunGJEtH1wkimLog2gXyMdHI5xRPraxp7,Solution_548
nCq7zyJ60oUcj7HouFo9CJWXpW7uKlf4gCVkjQCClxdMDSzeGu,Solution_549
0g3HdtNjtueq0JD9selR0lUAqcu0e3gBmCWKOq9wlg6wzeHvuO,Solution_550
0m0BTAeg7fdscPN2BH2ntwdh3ChDvBJrTY4wtMEUEpRgxMSpoD,Solution_551
IM6g09wMQjE86O0Bk1LA3zNNUicmQXKTfTyvcWJaGjWZZtkImP,Solution_552
hFWngufhKqJrEwrV4YiQv1xyo9GXraPxTZtLzsmzwjciz5p6Xr,Solution_553
csGrpJADE1evaxAcwmSLVGgDjaXeZ0Kuh30xpYcNJ0Q9H2b8y5,Solution_554
4fKVpcyWq8uNkTILz7i2TA57rX6qc5bMuvUPXoNnHycUDiH18g,Solution_555
QB5YLAm3knnt9fbMjeE5CLUF6gTwY3yUr6V328ss9uT1a4wxSP,Solution_556
JVaIaVbzsQU0Z2a4gJ2iUI2TMI84iivkzbQTnrDszQ8lCEcozJ,Solution_557
b0NP3kdLOy5kGUCVvK52VT0APpPyG71onRh2oopEAVcjNcujLP,Solution_558
izQ6hijqC3Zj4lUNtpPdLiSZOTeMq6SrBe3GId2fz2NYdxpXfG,Solution_559
MpHtac05LMbGKrYYU6PLBgGfjLZJKDJtK1Gicdam9g0wLjOrrs,Solution_560
Rkd47y9abaCPDwtsu49fvDTUADAu37b2KGk9avNHL0mas86Kov,Solution_561
6hd95ADbsFYlPb0SQ0mLRzHxq3WRaJy6uXi4ybY5FKtMah4Qoh,Solution_562
t1RJuxQ4nbIgVwUh3BrE3fW36QwuRLzGIskqyG28NCdMwxqJit,Solution_563
PWPN8Z0QcZ7nDfLzcim5au6LGeALkbw91EZc7IVDC8JsyR5NqZ,Solution_564
GNbsrxAf0BeDbQ0HdEdzbYbJIkWxL6nl4PExEjX9OxDbIvczft,Solution_565
Qbx2NTUZYeIY4gZocMtBqtNAsEtgrMHC9kFzkENRez9Regh0tr,Solution_566
72Eq99zGMsn4sdo8yHyGH51ge63F3TR5WICjlPpRyAhA6aIJq3,Solution_567
b6TQIdppRxLYCifVgYYWVIBfUaL0fesyy63g7BQLQ9A5voE4PI,Solution_568
XJt1H6xY7kgBGfxOmsaB1JlCVusNTbkcT5EZR4OBuhKPsaxuTF,Solution_569
yi8DsbCfH8MMf3Kag6XSTJ81bde1EUdTSERyFeYj4EpAePF4H2,Solution_570
XhuKr4vYbOkuIKynlBYgWWNpdLALa13cXk5mLO5Czk3s2B8NIo,Solution_571
KGwqOgHPmloidqe4m0Yb6jQN77zkIL0c8sdSCVUt2zJrnoZLYW,Solution_572
gLULjByVNYbNx50dIYzSrT7h8zT0THVpaETvbLWp3ojPf1zH8W,Solution_573
KoUWHtNrmCYoN9LkxF1sqgCGDxBnRksGBhuuZXqcjLS2MngLVm,Solution_574
3L2P8yyqRfui0Ca2EQeYguODzm5qralC2CPccbPIcFj3vaSWFp,Solution_575
UGThnwzdOtSPWM6hPgL7CWIVSDoW22K2L9XpsH694KfL7m4S78,Solution_576
UFWUBVIxR5Aayy66xAKS8n3ihVvueefzoUwlJZREtlLQWSYVIV,Solution_577
2wNNsynh4wlXIHQwn7FCxeRIyCmmOOcRa7EKdb4aUpuru8mBF9,Solution_578
8T23UKXO1qmgr243htreJyCZnt5AMGOdGF0ckKzBMlaZRqe7eF,Solution_579
xWRTaiVRrQ3r8FZcdppGeD6rqclPw7kSslljo3tCwhQoRVWE5R,Solution_580
3tGPg0a0VezNFDhoaP79AhyGiExdOPMCptqOA8rREwjvtuxFnq,Solution_581
3YoXqHD0Ync8tDQCb3KjdDESUbYIj3zNcj6CVrNZlLdvzxYsbR,Solution_582
qPSu3c94h78gLOFiSQg2sL64DIPhee1K5TrIvBjwMitLxE0ORK,Solution_583
FMG6bYAebZQ3Nzhnwr8uNmZbfwUZGHdWA7B8hpYaEOIagwDYnZ,Solution_584
nWnCDDDZcrHVsxalS4aUyDKDHPpvbW5DAGmglqP9ALx5JIJFBB,Solution_585
ZdwmMEczqCdoH3cBBiMp8uOMtTL4FaWU6THpg4LWV5rwkhpWsq,Solution_586
nIZjz1izdGFJRZ63UnCm7EeEl7vuGW6OIBY68nt15PCetugXfF,Solution_587
5FuJxAFbn3clMcTj9rkCeLlRPEjyqZNjnKxNa5UXPFXUY0yP7V,Solution_588
gXFgGdNv6sJghVOzd4dAKuLKDj8lrNQCsiyrsdoJS1oT1l8xA2,Solution_589
VmoldS5HIPmeE5a2RrNCQdoopFK4W0KoAtC6QbuMVXsKmz0SnV,Solution_590
ZyTvRfNMJrFvO42RUQaxeDGj6EBNsTY4m3wUvrABG9G4Ak99hS,Solution_591
L7yvNNe2ELJ4vYDns4TFPNsRGHSwET0ARq5K0fxl9oyBg9wyZa,Solution_592
00YJZ8jVqnnPwq6Ywsk2v7k3bgNGD59GQ531O1NJIp8bkvKLPw,Solution_593
S4U4dYSS8RYMWSXpv1AX6XZLmHNfvkMnBhCqToJXeuNSz0aeMW,Solution_594
j1DFGeuuxCOIRxuE7R8IJWyl8Xp1pMznlXumFP7lyyeyEtxstx,Solution_595
XTdCSPBf7cWP1iFlV2DI6Ikg6muNrk8avIMrQUmmpK4LNPzkeM,Solution_596
XwCqthgcYfHw18efr12BQklCdw1GX0TFIF4FzRSGrUm2I4nNwj,Solution_597
Jhx83aTnbUcm2v4K6PB1TzJI2VdC6IHfgzgiUHY7zlQOM7sm7Z,Solution_598
pneq6O8Z4Ve7vUeDTHVkfCMt3z1zc1300Y8iSGqOI7u9i1FcZc,Solution_599
DKzOpG2xNnI3eTUrYRBHHxZ369mZ0CVcXwVzfAb7mRo06XiGoe,Solution_600
w6gZX5wDfIefCaIRz4c3haEGhAUbptUGSyU8p66RDZvt3KD4QS,Solution_601
x31NMFrgASMWdFjkzyp3rZsI5TZxV5AqFUOBs69qfAEvJjfw0C,Solution_602
ATP9HPzCfmd1TXAdTDDNgN19lw71t6XPBl55Qc0YuvAcoeMrAc,Solution_603
cohfuYRGBHpFSv9ehRyv9uISuezflup7vfwVvYseXVihz6FjeH,Solution_604
Qg5GRYbOndITF3pHlA0x3abvdnwgRPw6KN2n87XOv6Un8OlA69,Solution_605
Y5U0uGEaiYhQ7mda35tcPO03WfIMxJGq4u0EVswfVGOt5BBSNg,Solution_606
YU76RtKd1jPSv9mFWFyAYh26uBU299KCoJ4qCsGBriOF9AVUye,Solution_607
nOGahvT16fLF0NhjoNedwSUFny5tQAHt0Mbhny5uK5WvlZAjAH,Solution_608
HJWZHHjOfFJUcxnqMlwMSF4WqNqjUhO1Wg2UPBrLAb48ZBmobC,Solution_609
PcoWrHA4m4BhSdSRO9JrMiiWI8nXrjDNqj5jWlMHPlEOIT7j6N,Solution_610
tzazj8wEFmIrVzoThwmr5H5BOLbgSISWgU44vOZ1mSBvSdn39L,Solution_611
uYZwyGUcxC29AHJ3YREskDQoFhL9jhaTJV3CKcRCahj1GPuW1p,Solution_612
X7ICmKqY0NJwlJUrY2NaqC2ZsgamnCEjakVJeSFr7bbDKUcrt9,Solution_613
zEHtQQoJAnP3nbYAjoMsgGgC33kPbBPxu2qL4rLzdIYvWLRkXR,Solution_614
CdAetpDDk7tcSaJLOx7dtMqaeanD6TG3XjXjAYVVsqMblWN2fO,Solution_615
eWCOjrPh0obV219z3AQHwbpDvsDerYeD4QOdvb4ntPSqSOfWtR,Solution_616
wR6fASK2sDSAcvgnF8JToip0WUseLxEu7GQOIeR3YVvDL7SlK4,Solution_617
VCf9IaxrlzQKbd9lAYKcgvd7xTIdeAlHl5x7583YrHf3deCKeq,Solution_618
0HCeOVniiWG5YC26oUfQRFokrHnZaH5fivD8tL9YXDgbwoumAO,Solution_619
y4D7c46v36yfxl6Tc1rMW9z29BbKvSMvIScVxG3s65NxfRgdTp,Solution_620
7RsOeIGcv0N2AHry9fYUvHwwaIBOnHsh2i8sFtlTUE4jruS7Q8,Solution_621
b8VH9dJxRGHKhzpxFMm3zfp7jKz1PWsioyd0hEWV5FRmTFD68u,Solution_622
snjpmWUexWqO25HwQjLmYlmTNv71uoNCzCLApNVuT8UKapb7EY,Solution_623
dYnAH5GHP46hHJLTfxJZI1Hrdk2KWE1bMLKQHn5LhX11lTLIbk,Solution_624
LGmklskm0Gzk2C9CrTAbSR5iiaakqrIG8tONGtFwREGgUS5qLm,Solution_625
bRqZfVfbNntVLxAvRFioEneyDMFotUGIgHBHildtyedG7OXSAK,Solution_626
p3pfPZFK55izM1gwfgplkLii5jLZl1zV3STEWtqpuSgUY6nZFD,Solution_627
V9pinZNW3M7b0bCLq6isnttUfCiM1he478MhkqDYAxovGcxyuH,Solution_628
jNSLobNTgJCfJkuIRTEzZWmdi2pMpBXChcMZRILnsmDTYhiZTx,Solution_629
nRIxkAOiCvJp8bRJRgINCUc0WdV2b0oJrLZv0h1koHbaETTGoS,Solution_630
YgySIlwf6gQLMGgCy52Vn2di2qNCa4HMuA20OZGtZwBbbNGqXl,Solution_631
It5AP4y92MHzTQRXp3DyiJ8PdCPM9IIgxPOj5EtjqxXSVkn1z0,Solution_632
ul8nTnx3xXbnOJUkhuIRZD7OssEPL4u7agzbhoN6DHE1jgwvZn,Solution_633
Dh2iFNJ6JRX3zGBMu5o9Or6Pnzgp6eAi8ozSDl6Xqmcsoajwqc,Solution_634
H95JWA3n1Yb7Btet1UK5r3A9ZAogAtkgaWP0WNzhpVf5rKEmv0,Solution_635
HIYMINSpjvlZVCqNIBVeHwPZdk5cmqVzLRVHzEsyabQm3L1BRN,Solution_636
ldG4oBy2xBpuzt6lEQC7P0XDl60MhCDBHQusR10qcWIYgMB4eN,Solution_637
2lddDDkfLfEQTs8UBr2Yvb5KyJTAMTeU38ZR6mjYgqFFqWGUzu,Solution_638
C5Y2U3YVf1TtBUhW6VnKhrSMt9zCVvsLQoThmpwkgOBh7A3aQO,Solution_639
TK5zt9v3ncJCI2ShEA6vCHQ8LyHBYM0sH59X5t3ABNJ7qq5Fi8,Solution_640
p9IT73LTsGQtgBtSatOBb1hYrYsTHc6MqkqTox8VhK5oRdhXGP,Solution_641
holJGG2tlx36zfZhJE9Ft3qOOGclxTbbkJ0YtoWXqIalrIkkSq,Solution_642
eLbnvNoxkjJIEp7skFTZUhfo4Yg69rcToMrNTlAMLQGpbeAgIi,Solution_643
kQ6Bzari6O4HyNXEq0pmf4kvN8JVKWMA8kv57wM7Qpt002bWZi,Solution_644
AIe1NDEuvLm3ZlojK7VP5G2oZn026pxcyUL454j9IYBprJ82Zq,Solution_645
pSUhbdHH2KLFM1n3BiaGl0rAxJ7EFer9VU3YD3MWgGcX1oVKlN,Solution_646
9XjiW3YhVzY3pNkB8b4ZWJTQVKxYeHDCv5WNIKtNd8xpm7zwEy,Solution_647
N2lTotYCeDcjOcrFceCVDdNk9xSqG6R6hlNYpKeQNPpG7T9iNM,Solution_648
kgNrZehcQ2ChdgfQt9ydDDck0VAwv10wkDTVOwsTBdLMqwIhgB,Solution_649
RkzHmnukHaMwgFKNqQJAkRLY9SS3pWxoGmoQv5BHmqYETcuvA5,Solution_650
lLUNWZRv665Oea6AJcnMV3Eg48ZVo9KoNw1ukMs9alH6CTTVlm,Solution_651
xuqe1TPsiL0TfHj1Ys1f2utkevoKgvCwU7ONNgl9THe1QArqVw,Solution_652
IduZ5KCJmw4T36TEFwNhD9ysKlZUJhcA6DhC3GCb2pul6gMPQ5,Solution_653
wmP5AYUV3yb74uNvOXHVjXDKL8xudCh7v2OSPRknSuK0CoDOQ4,Solution_654
ZTkDBKghpBCXnzBMZTBd7J9H9neSQeHEQXGgGOgWDQ5iYjToMp,Solution_655
HoBz4G02wWuMelE5YIkWDZx9esSCgNcRCwPZEQxmLHupbYxbw9,Solution_656
tfbASe5fOJx9sV9ia0aoTNdlosn9ssu5ro7gL8xzMwDUQTUR0I,Solution_657
3ozT9j9ToneDM7jL0yK1zZ32lcn1XAWLWJuMCmEpQNtX3giNrV,Solution_658
B8lRTBOOvEN7YJVxyV37T7domSdmMZkvtFsOhtXd3b2Ly3seu4,Solution_659
KBf78wKF4b88VxthQxR0HaLiGoSuBSUlSy2NsZnATDTWQUrnuV,Solution_660
2Ir0plKWjdXrJk3u4zxS42kKUUHBuW9oe4t9AJhrXUJ0bUUqYk,Solution_661
S901X2USb95aEbsSeGBx5WiETHAwsVmnUZaXaAmO9uJFJp1OS2,Solution_662
9c7BVNZEgti4uriX3Be41yWKOpt18ZhjgdMOF5e49jvTmJsjkZ,Solution_663
7HtzDVawI291UaNLbIRqWFchwG65xgmmaDteqBwDVAP3bleXVT,Solution_664
WUtfThXhbBcRdFJKyDq3EjQEwSZgThqAk9NWxx6heRyTecxpj7,Solution_665
eWsaTmDQQqo50gf99X470XxdVVGWwIloCXbQ9tY9IjwFbYckxw,Solution_666
aSatjvNFZV06VNOTgkSXspfCA360KwLnV2MQ7pCVlhtrgJGSVu,Solution_667
8OLLf4Qcuf9k4RYOqh1xEtSRiPdsvy2g2X1hylXtTEsJ1LwvCx,Solution_668
mVShkxBcR6flhHA5TEqjHp9IXqQGpw6j6oMSSrsZ5B7BCvtCwB,Solution_669
jDCyiMIo0i7M5Q4gAX6Nzu3Rm6NtSRaiku4podvHDbSZlMSLOm,Solution_670
LamJCdKSmUGPl2MSxJCexIYKKrxH4leWaC5XMOcJ40pqfMYVT2,Solution_671
4T1tjO21GZs9l2rJoPUQnO3SK8a1c4QF7MyRjH6WiU0e8LqTLi,Solution_672
9Zi5OEUH8LJsGdjBbnRo5qkHwif2YAzisvtIkUFngrcuNn5ymh,Solution_673
Am3IbNBVQziZWuoZQ4TzAHq037aga1tjfNBbPCKKSOPLp4Zneg,Solution_674
fqlBWJcOmlddX2nNs5NOZHd9rspqD5aOY7SZRuOmEa0cJ8scDu,Solution_675
mgCnAaWfIRu0aFekvIgNwAwhGMx0MflPPR88izYPHdt2z0uKc8,Solution_676
q0halsk4Kp3pQVbIevDYLHJM4kW8ar7lufZkg6ehqB5kWBhJQ6,Solution_677
LhkhHgBZtHsxxJhtxN6uuWPEAdMnHzwo6ECfVRI5pYCEX10fQO,Solution_678
GOHOcUugHVO5vXGAGnIHk9YPkVkxPVP7kaCP4r8YuPNXoIt6vc,Solution_679
IL0RGAlyBmj79HWciUgcuCoy5Gksf7XNfiRaPcoahcOHuJr7NK,Solution_680
7ak5F2aVabO6g6kwEmFFIP8WsITLIpyPsINJWu7hD8sRPxZAxh,Solution_681
xXQCSbca0kBPkVx0fpWXihK1rJaaBH2LWsJ37in9S0uKzLutcG,Solution_682
XdnqzQJcNSJIx0mFu6jheVLVMW1d5QggZuilTkccsS6Jlcs5dr,Solution_683
AvZTJakc2dlJDh9EIj00PKoXMMVJ4lgfpqBg4IkMZ6tdBeLjXO,Solution_684
k1kVUVMz4fIzonpC2IBa2VMZdqR4wbDxtZwpBLRyaDGeozFPhB,Solution_685
AYqo1iwNtDss5dK8l0Hzg7xWHPvQsibdni1TGM1yZgD3rp2PCd,Solution_686
TbtIH9OveKO3tNANEWhd6f5bHdqmsxyEHdtJLAaSfC6xql3MAn,Solution_687
GGrsV2X6PTHcxSmUIyav3okGXizd3Qd8wUNYKN7F1UhQLQNA88,Solution_688
pQgSJQZDia8bbY05YaHSHZzr9Gh3uv4mQs4xrUxPSNtZSGimgu,Solution_689
SSAEHLe0Nti55o4FPEn1MzFdqPJnBRimP3W0kxxuX7MrhMhX7B,Solution_690
Wch1NLUutv0l9P5Q4HRthTytqBGROszDRzhFKTUX7zak7SFjFR,Solution_691
Z5eYa1HaI80xcQOUxtzzXpbfNscsS8rqkM9mjPLBMwMysczadw,Solution_692
sFL9BoKUCNeeIFuSAeJCMBxulNdaPvx2XP9W1CPeEncdPWsMu0,Solution_693
xEsJyJznbadK83izI2qNvxmf7vtYQ5pkWRJRvCdHRFW7BN5ke5,Solution_694
otJZkcd7VFn7LLgQ1JfsvwW2yxvWOhUqLH2joibfpO71ChYS3T,Solution_695
MNc2vMXfn8yAGNq8JWyFiX7RGX61QofHr7r1U953xjeCZg4v6D,Solution_696
TERisPrDSzRKTpVqvja1lecRkt11nrXR66WEdOzkdWUagLkS0H,Solution_697
pWsC9u1NGuZnNegNn3Ewd7oEOPNCJsz652dRnnju7JY2lOkWit,Solution_698
a0ximquTjnQxgue4eh3eq5VNOhZ1j5UM6xHiZ1lZQHKWOVs1Uv,Solution_699
Ix0f5oVt3VHYh8VHPtNrfU5y3xdWeZBXJZNGoX0gOxXau03bWr,Solution_700
jqhO6jdTsgzCsXkHQOg1YaH4HCno2gXFLKj7zLbiao7DFDxxyg,Solution_701
Ai53LKwpvo1LpeBBGOSibORIMfT159SezPuqFGLuKp8ZgkN3Pw,Solution_702
Gl8rgRK2kKlOrEoHs4PyfsE7RirC56HvaNSmYWnHvViRnk93x6,Solution_703
qzk8NAVy7F3Falmv7pgy0Ii6M11CwvOjWfSNR22v18GxZXtgw5,Solution_704
cRjbyIFxQe6wbUYM9Ok4PXKDcoc4K1rWbAAM7s0UKFyOgR55bG,Solution_705
Z07NWDuLSL7fvuCgYFNCEuFZ7j27NEXE8GtOsPTltFOOlgdN0f,Solution_706
fbbX6uzrrVachugBLbD3gDyPMRLObGwStLjgwpOGK4IUz2uYQA,Solution_707
84ZSnfrRzIZMSA3eGvWuURsj2bDEpaOGNJ8TXiGmFgGlfBbsTl,Solution_708
ugvaazIZE4KOYtVc2ndUcbF1hWQDa4IEURgSmngjw1dMTdbAPq,Solution_709
4FMwmzEx2W3BScfeOSngN0zEvynsolenb6lpflYSJU1UHZQiZE,Solution_710
b2kDjJhF2C5VuDlzsPeXXHVuftPw1Zk9YgZ6oQj3PuL3A0aTcc,Solution_711
KsOUfCtXW0ZlclmHfM2udN7Tn3nUJrJvIqUd5tFRv7wLQbMqSb,Solution_712
7QqNh66L9MXUvm8aCYdeEIYQCHpQLxPBoy8Rkhs3Yjffre4R9X,Solution_713
PSKresad8fyoE7qfqpNQC1vM6mvMGCSQk9DBTrkyCA85SqszW0,Solution_714
GwkIpXDbboczRIChPDi6GtMVNjLN7lWDef2EthWGrnjNkgjuyc,Solution_715
PayoE6pnid5hrocRPpNSoRCHhelGjtDwgAIH94bRb33sVI4oow,Solution_716
lZFxZL2RrDCuWPdetmM6iyCt7WKwXTD1RqUjg14fJkAChcK8gx,Solution_717
JQ6TZyBoLXdYB1ceUafiDrN9hWXUmZVe3OwVP5g3DSbWzM4kdB,Solution_718
pK9nFcu1btofOPHTg23Y3g7zDsSvrZnOqSGFaapJ8LtgFSPmxM,Solution_719
77FeoS4Ok6fCGlZIRJ2wxUiI7WYZ4hCKPpK5PKuhepSmd8Aaa5,Solution_720
SJ98gjNbdmMv20qahIMPb0RWHoK7Ztp5yMTdoYpxW08wSi8JBL,Solution_721
5z4MQWEZ8NkUGHgkTyeC0NATf9ZYGB59kKzm4KJ3yr32LN8Es4,Solution_722
U5SnrNKU7aM9wlLjGDe9EkF7tc8KA0WqbXfY7DoiaYyNy8w8P4,Solution_723
2ZbQuyE0jY1YgLHxI9bjuwLKVF7pkd678r2Mif3raCYGrgaK8v,Solution_724
jdiD9PKOGELutZRFeSacDjUccmD0sbXUpYLPb41WpOxgpozsom,Solution_725
7txfKDeYa5DTq0mMXMYshnVNJmBfKcgk0Ou2jgQQznX4YmapK2,Solution_726
65bVqyZ0Rqam8O0I2PVdiFW2Zxd0CTi2LWKQH3NrIYAweKyTFt,Solution_727
SkGmBW1fv2miIli95zqY2esRKjI16XPGmGktbaPhBnZlQOVXpr,Solution_728
qZGGwmTCjnBKQZaitCN2z86TgARgwHSF4JJWlWnlfEMhsmkwEk,Solution_729
c2Dnhdjee4lR64PCZOXkZr4FP6vjnQGw2efyfTnAy7VgWbcQIa,Solution_730
F7Izgexvvmqj0ECQ9tsR5vo9xSBGWzxRah61m61RdjsA9H4XwM,Solution_731
OJtCJ9mOk8XqWi4kKqh6pAhIBRIfbM7nN5abS7U8DD8ETZz2J5,Solution_732
Kbth36PqBpnCFmYiwBodL3wfy0UHFQHeNrx8p3rbfNqyNR3WH6,Solution_733
qwO9jrbuAlQqN3D3b3id8IsH1etVBoVJKW7kvHMkLLlEBriszI,Solution_734
0MJPPUlYdeaRbbj4vsUnfVrLh0dEgWami8XaLli1D7bjo6y1W9,Solution_735
fzclETmfcz8GC20q5RD3RxAnHDhdVtaaAhoSRZNBAM2LAoWOiW,Solution_736
Bj1G4aM0Vdr05F8sbwZV3dQSOnUm0bVFyf1UMHc6n83yMCWtDS,Solution_737
rCmRSgh5aL73eB9gIpAUBSwgGUSf4oKcZkGWr6mqtTf0M27Vgx,Solution_738
7A7e7BRnN4rBMvosVxTgBukURbdhvMlkZ1pf55RTO4Upi3XVQQ,Solution_739
8Y3SB4Zzf7QW8R016oagxK8n6jwhmZCSIjKn71ZpArGNl3LUEj,Solution_740
5pYyvOvk3Xe8Yk8pPvfvDuQ2LjqTA0wNAwzgeAbSJrsHq5WYCX,Solution_741
24TamJ6S6feMu2rPE8ZEpTwZGpYcAoMX7h1bYTCuMZ4FVKk4N2,Solution_742
0JqvsJM4eFnLnBHdaBBzaj6xd6PN45O2xSDjUdy7mYiJxyK2Ml,Solution_743
KInO3k8Tu1Fjf3OmTWPKFt5Z6jT9vz7SuOtojqlex4bC6pMrTL,Solution_744
sF6z7c57vP94UARAT24EzcwddFcwHIhO5t5wSTQm8xaGiZasPG,Solution_745
wEzovDojjDIwsY8CuQsvSP3wg110Q22xdHoZQTVl4p0KU9AwY0,Solution_746
g1iq5xFB4neuBIj70GR9a5FUjiGb2cqdgbVRpRr57n1NNV9SMG,Solution_747
y4iz06cfnosuOb2UBVsHZc0Q0Ft78rklnBcN0np4xSCL9Z0PSd,Solution_748
CHKoh5EWfzEaV7v59MQi1RECpC0eP6WKwNYzBqLLRF9YvOnPg2,Solution_749
8WABpGkSKMLCspc0XdFG5yXbZp6ccIte1Fk8oDndpjSJzYUFZq,Solution_750
GbAvAMAQTJZkBX48wLqCIDCwoMwL5sptdxhaAAm3lx2lCow87T,Solution_751
UsnkuW7Ztz4QVHEXnZPzO2OfkryyW2t0OxhapytwzpFH76ov49,Solution_752
zPOnincqOR7os0w42jayI8GEQhPyt2DL2GhyODjPjJyr9Cq7hU,Solution_753
8i06O4AQTBFgpTPfpp2doS3JD1hmt6OqpFLmhFTykU4TKtMISK,Solution_754
HCMEyuuJp78cyC25Kld88xvadFRulSk1l6942MekpXqDHA3PTA,Solution_755
4tr4nIhLzwKjeXzKhoYwv3uPSHrRKN0PPLv3gJYF1uDEhcYAsq,Solution_756
hHBZ95EqsoZwYesg6cm1Q4UHLce96pITqEZmNPugWn3CJJKN1Y,Solution_757
QSB7SvHUW3b1yyDP8mSPaFMo9Mda1n9wBQ4SEb7YGSylTEMjM4,Solution_758
qWKRlDy3YgMd6xCKloEUh2eBz4BcYksq5tYH3gOUbTb7LjCJgz,Solution_759
xDuEmxczkjQAZX8fxUHtppWhnMXcUQgLtfZRWdE2RU1lmkxWyO,Solution_760
8KxKH5BmwCtlLlqXnRGVqZ0GDYcdHVaA5DJteL0se8xx19tBYb,Solution_761
4OVTUpxlLkOgtRHZ64ITwMwzP9p4S8pIkRlXasyYJqZDKaUlRh,Solution_762
PyqVcegNf6P9RgtXcZUxorVzz8HHSECwbnZElydxhI9GhstPIv,Solution_763
GNVgtpetSFRpzFmuUYghhsCYCAXEW07isLTm9O6yBpozaLcBX1,Solution_764
Ci01FBhd05acibD0zKxqOCAZuVIuBe4WkRfjsKVAsvlh5XXq1B,Solution_765
Hp7TqkfRR0Uqn1fgtjV0kKihTjKFm4huuq0c5RS27wzeQOgvrz,Solution_766
RDD2uI3u7aLpH8CZo9P5cZbuflsNnRj092YZ3a0htTlkxITWgV,Solution_767
UIyV7qZGM6DgYvHUFMbIamKwRrDZN8RCjXpL5oFiFXgDSfoLml,Solution_768
4X5OnF7qeBt1upFSZzm3GFaS5nSkYHLfGfUxzwnke2wfp2dvM0,Solution_769
7tK6CRdnxPPwOrKLzqPm8QEuFCwqF0c0esoBdZ94OaahNkRR3N,Solution_770
GtzDa7KVH87SSmJ6toPYvmuHwVQiTV7DCf5HKewfYL25QQ4rIx,Solution_771
2RAQECu44knw1Szdl8DEtyByyOtG9hZUQIa0bTGmYKXzBfiiKm,Solution_772
0zVVrnqxLyR44xXcbO63PuKfFR3nzGN8CP5Wwaqcf7Ml051ZBT,Solution_773
zC6PaCQO3rDXQEFSzjUx54EJRB80AYzPkbeHUcO4OE3MQ9wTy1,Solution_774
1RJcosVOlORg9QUVsQ1PM0VoIuXICmV60lLOayXNalHzCItfYu,Solution_775
XDo2VJCFpTUX7YqHjThXX8hg2skwAGbcjqJkJYPVC86c8LNg30,Solution_776
lYVVnYQLsxEEOlrIMMAfd7cPqdqJGiPQp5moBzHJe4VnCjP8Du,Solution_777
oBUwpGd6orZDv4zzc98NylcuZ4CeEuJZhjQ1Ajbt5qif5CNfkT,Solution_778
ihYq6g6uwaCzEqkoLK4Skgdr16QCDwSpIPH7h8En87yMd3WDtj,Solution_779
2ZYd6Dmc9en397GmbunJBPJAK6iA9YRZkC6a8910LyeVseuZ4u,Solution_780
AO8CNzIaivsXxvGhxBXXuV6c4XsO02Ck9mdZpA6OQIzOTHkgSA,Solution_781
Sq9ESMK9mqM2DBk5WixR6Chw4zpXWLGOjidYFQSuBZIhkZSBIK,Solution_782
A44OJClaeBbkxkgEHiMTMhGavPNeXk2BRnYP296tjMml43qtfU,Solution_783
pbea3iU4eknpzbKOWzC272FMqigXFkbIWi5w3M7f7kP4FDkQJi,Solution_784
aimSK3u0KngULyw54wbDH3jiAXTeBtYzgnuXDEggYKvXrHcxOY,Solution_785
Ct4LqYbdz7Pot9hcTEohrCYWfdHa7CO6kicDoBlCKPBDl9AJve,Solution_786
UETNNgJY7ValKPyZPU5PcUyqjq7wCHYFC4yw2xRfwaqbUCw5UZ,Solution_787
OIPbvPiMvCkEyonT6haYGst95Rt0Wvoz8xoedKdGsBhR6bNaRa,Solution_788
8icVuDUa5R3gvkkyfrdXvvSDwkZ625JsrnnHhAYH8mQJhsy1sH,Solution_789
K9WeumtYKTjBGVNmdxIQC9WK8Vyu8Ge91W6PawuRWMs7ukJxYM,Solution_790
5zVQtN0lwqWzAe6nT8aTQCKjaL5J8pSHt8aGyaDe0VcMsVfTKG,Solution_791
ZCA2bKMxunFErIL8MUpiZ1yTVVn55I9PBUOx1mllNnkM62Wn8B,Solution_792
CaFPJ9g6gfIZPpXAvxBlQNDamcj3hjktWDKClXBJJMIUWanmiY,Solution_793
QJw3EhE1QKKNh1YeVJvvOJHQLYujNWOWH0hcY02UWHSdFoDr1E,Solution_794
34617spneK4WWaj1iAuXU0YZdd2EodRVZiN2S7O3D5jFbRGOyM,Solution_795
DQlqJQXApEDWduvkWpvtVyc1zhrOBz5h9XGe8aMOjzRfL929Xw,Solution_796
VKCBq0HX4zeXrDUTdyR7ICenIcYeKT08ouHICAnqmjyXlNX7l0,Solution_797
FV0zcs4Fdp5SVJqxgSRW4EPzNxGpKVLTQ230O0Te4LrCy9GqLe,Solution_798
ZZCbTafc3wrkJmxS3NOU1ogoAtLsewYAQDUpyn2w6uDLF3rLRx,Solution_799
wQaJJu84rk7T4UWLwt6EcQMX6AmRX0XmIh3XPGZzLlsmHvjV2Z,Solution_800
1EFCql4RXOvQKsNcBdRSNf7ijyCG98EEBKHR44kRCylEIBCfPZ,Solution_801
TBAmBQOOz6J0wFnWc9rXRQzbv0zFMuhEMomu3VaSEk6F0qVVsk,Solution_802
cC2KSongJqq1mXxpGT1SqRylzGIWJPMA4SDML5QhyK360UrVhv,Solution_803
OMls8d6DW8osHjlMFA3Lcej2wrptzDY7iODXIlWqywqoEOTlx0,Solution_804
Xf3Fg9iM8JG86889P4rCcR1Q9AaLfcLtMhKMXHFY6Eh5OjWHGR,Solution_805
uYsHQYn3jynOe6zj1qVEDByRcyPNA1YBdMpTYxV4xSYF4gMT5J,Solution_806
1fR2fIaIVYTP0fQRUZ2AutJ5AzQnESqYCyuLvw4UTC5343AT3h,Solution_807
WhFQ0IdUJ19rKBFOubLbnwmLkFYb3oeUpSE7sUUIXg9Jbmy47v,Solution_808
EVDVCmRDR55b7YWoPEfIxX46lOREwg8vKKgb9bprsZKokuY5uY,Solution_809
japzm9JPb3UhkTMeXlMcHuCYYhjVvTgWOxTtGmKzlKshLCsdXR,Solution_810
WY17sFwi1XuD3YDlLx2AD1TUv57K7UoZOuGoCcziX0WWk50DSw,Solution_811
gO9Y2c9MoIH64bWditvhZ1Tyr6NUJ4ngBvuRukExQrQhz3Bgll,Solution_812
i5KssA74NXc4ZXr22riWLlFEFYYKH0tJ1mSEoGWnATPK06e15S,Solution_813
wDAsMa1LFkRbEENdNwuRpDinjWITvmy2Id5cZJK6J10Iq7pYls,Solution_814
bdX36CnSR3cSlzAMFSZ2Al9G357UANKeuio4baE5w4es1lkWAX,Solution_815
uGCqKi4seJkcmbEm9OxXTtRNGQwMxP4Tsnsqnm35CUt8nj0dbk,Solution_816
yU82nN5pt5Xsjy4sInjFoDkcMVyNNHaXs6O0ehiadpvKUVbt4d,Solution_817
zoH0zhAhTdyzKzOIs9UWpEAvugAfwtMXMZz0PLC52ykCnQ9uQ1,Solution_818
KHzlrsYDuNiRlWyWMBzWtnZDE6wbBNkrUDdjSkqxdV6fOiIc8g,Solution_819
Z3S6r0ZMaFYj94nfP7IeIjcaDWMkk8Y58N7csoPNMcfAjEXQnd,Solution_820
eSzmvi4hyHg9lcQ9wpZgvNsNRU9ocBkApfTtfncDnM1EAPXGTF,Solution_821
fwhi93M3gZCI77U3Z75fWRAvroZCHS5nD01bgd7hOv86k7aJLa,Solution_822
2tSJ9DIzwCXAh1ycin253VKvdgH361Uk6G2MCTC1AupOr1djtG,Solution_823
cUtwuS7KHKITlXMzsWMjZ2EUmpKEvDUsuDhT4n8vHGdmHBhcqZ,Solution_824
vvV1gcklX2QtfYq4QidbykQgIjob6m2dsPFBwzNfDV7acJdlaY,Solution_825
ZHnsWewwRzigVPw7zAi37Vxq1mRFKxJEo4lhpRPeOD9jZMh9H0,Solution_826
DIXCsoqUAr6YVvtxVe5KmYMGTMAeLNOH7vNcODyRvcZzayhtMT,Solution_827
2Yy6mjC5QS3iKb6OyQRN0fPhydtY9ruSbuQvgGSZQhpl7UwmPq,Solution_828
xNqWmxk7z1djOR8B9d5B0UpCEH3xAMOBYUpB1cG3cdMGzM23en,Solution_829
i8eyPiLN7iS5eSP8yB8tpY8OUTJQw5ie6JzPp49oloGEqa46gZ,Solution_830
KLrKGAK7RIllspJwZ138MYgGUHKn45nJhXM80hlbAjvLKoyD0w,Solution_831
NoQ1UHIkCzGIUB9ghBk00hWqOjHODHcqB7wFfuerg8QW87NPEG,Solution_832
3q0RiArnaDJTN7bXZVkrRW4ozlwb6ucCd2vDHalTz0Hy9ZdhpY,Solution_833
ehQN8fcFYrbFDPA1hyWXxeco0fC2NKVjkLoixX9kZQ7U9g1hZr,Solution_834
3CpygSgIXLuqfx90E02g0WMud6soU3ah4IwCtTedIzk1P5iyJp,Solution_835
ZocOAV60XqTAljsgN3IGYMwRnKJdmN0rySnKU9doxdW5SiMFTQ,Solution_836
pj4XBQAXX69G3aWKwmqQJuqhbq7WJ6YW7UEMBj5YymFNouGz1s,Solution_837
3Tj5H7VdFgaKYVk3NiTp9VxaoMBB6qzzi2FJI2DFhTjVpnCMqt,Solution_838
hZIFptlrBhgqNfbmChddATpl1q4lamVIvu84PHy8hHQTRSDY1v,Solution_839
6KKtnM9sfsDMuT3t3kbTjFikfvOW2Fgk8Cs3WHvhNmDmyhjelC,Solution_840
FMpKShtWhRdh6XdsjbuHJRlXIQLuAnDTNSJbjbxZ7hoQs0a5gi,Solution_841
eLm7vY4L8txegCOXCEwhsNiM132aR1ZL6QSH6k6y0VsAzS5PGj,Solution_842
zL4vFLop7QUI61ki9TYfya0Jrd4ZTuV9fpNqbR2GocB0nDHQEt,Solution_843
jiwb5Tqo8NAlcmP2uTNN9uqO018B4tFgFGoaMoY7srYYK84MIA,Solution_844
hSr7hOrC7TZHmvFBc8MibtCnZ4ImVJjAYnUOsM3pD4SXEZi8An,Solution_845
1YimaI05ZgBpTYTeLZ43fMys69RtYN6P8nnTpLQ1fuCYLgJxPD,Solution_846
mOdzquCxy4Ox1RwcsszkZdjClNooIPm2vcdrWWN0J5uDc2ud66,Solution_847
lR1zJLqS9iFYNCOGypUsS7bOWNMPI604HG72cbdEgv3ePnzvUI,Solution_848
yDeHVKLWQ6IBvltIJULmxdp99GJzKS6v0oTX43PiezulAdHcSK,Solution_849
7aeudyebeVwUb9gB3yuzaPgipa5UmwWqvs2rag4EZ0lkPrdAvC,Solution_850
aIrXZBzO3x5D7QFdpWtT4oFKGIQBNVUg9jwukozhLuGYZa1V3V,Solution_851
fOBqs7xrq0oE3ZMyAIa6rwIItGrLLhCjMTGhCdZ0GDzOaeoVWP,Solution_852
9MP3QhVWTzyhdyWmNbuzt46flQXM9tNd7luqGCh2GBHpDK1mWH,Solution_853
vLzRVh53oCCWtRgB8N6TiS7E5Lvax0l8LYBawkLS8WNI1Am8Kb,Solution_854
zJZbFmjreEPrnUjW0GrcxtLGOaWnTcydw9I544EqFguZbenCuC,Solution_855
DqTItdTOD6X2G0xEAYvVSYCfK8yIAkKskkeULJppWYvxOvjS65,Solution_856
gkgrfS8CylEUJHiBSR8FnXNcTrlAqjOdpXsAP6vtANJUXsvC72,Solution_857
S0pNjwSXCIUZxwBGJmQTkUzURsJud9XRyxj0TCm4CRCo1tuXxo,Solution_858
6ijtfV7uDdxlxZqTfEgaNMHQERgNRQv5BQoHBJGPTZdIvSRqsV,Solution_859
4YR85PxhUApCoilfyub9nQj46Qoc2yw8vBmKgCqf5rsbq5YWyW,Solution_860
FfyfbD1SfNTmRvUDL8R8LBs9vBhlOCDKHszlutWeGHaRpcEp9V,Solution_861
Hc9Brbwl5F2TuTxFbINjuSOdIP87Ve8UFWCNasSoqycGc9Bk7o,Solution_862
DFpTAqBO5NbFafMoimQbmdYPbaxEgltoOe9iycbVwmkpCA6FP6,Solution_863
b5Mei4K4kBXKksxhUJfrk7reNorfWxNIDguhSjV5s2JjWt5bKY,Solution_864
sUyiCxCBFhsUQ8wiFk7Y38SIke5uPcieJ2rpmnA15DddpQL3WO,Solution_865
iJ6V3DtYNQ8bscLHBBK2hhfyworh2wS31z8rlEfwhyN6gjwPbj,Solution_866
RmfsxWKzAwGW6wx7TvU2SeYZLHKUtJmB75qAJA21u9tZO6pejB,Solution_867
tYCp3zFegJAeClYcnZWjdETsgxJHEY7Vmk5CmYTtexQxe50QyX,Solution_868
72HP80v0DI478XjLa6sh2vRmm3e3GILE69MfNL05bkeoS5Fvp6,Solution_869
Xq5zuGUqOknsVFWu53X7LDY2JBvGlhzyOqVuCWEEUe9fVERKC5,Solution_870
TDCf9ustpTUDMT15jW9yFUu18rNif6iGqNeQ9g75kFmV7NA0wM,Solution_871
ckdjScZL2SyFVNEzX2ap9dxXiKOV8DkkkIKa6cKmMPJXR172bw,Solution_872
u8NDaxeO12HcYukDw7yRXbPGxogQ8pioyIncvXblixEGHJL7yV,Solution_873
Xy1uTOxxzoIHoqyj23CR4uCzsqFVDcsI9Suszm3nqIwnZB6t1h,Solution_874
GjdfZgyJQIkXTkSfHSUXUP7IHBlUAhqLfpB5P3PMTONeL7J38t,Solution_875
BZGj5JiFTmKD0MWSYKOaLv4BneHXX4QvJjLY0AOIcMl0uQhfzd,Solution_876
Sz9iWyyEcxvG8KtRVQxF0nR6qgEeaytXuwlg7EGvLjc344y5Mz,Solution_877
WY5TMho5cKOCccTUbwQpwU1FfMRlC1KVnkC1F9hl7F0F2aWFF3,Solution_878
O1ihARs4XE5L5RQJiluuF29NrGerCud5VOJgunhnt32V4RHsng,Solution_879
zzuQJyJ4w8udSuqTmoCqesJndp4xMubcrVirOocE7qkyAYVCWh,Solution_880
7xyhPJYJxexavTQGEPUUetf7JDIiFlR1MP1YMnDWlkan4qTDTG,Solution_881
Lj7wx0oAf4UOnviFSDPvIZMOgu9qetf9jVfJTX9RD0PRQItzmX,Solution_882
5LcFtVRFkVGOBECzcMzHFOjAe7xMjApCeCdRhGIJWP3cSMaryP,Solution_883
BCALUhFeux1wSAzSpi6nL73JImf1G22znYo7ovQ8L4kLf3ZdWU,Solution_884
zKteYoLHz9VFwcTQ2TJcZf5aofPXkSRX2W4XMOpNkHhmUsXNKv,Solution_885
XJ1W3hqUPPhP4eMUgRFPFkF6xvhB5HayNqJjw0hyoz2K1Dig3v,Solution_886
RQG132AwH9FpnQuGF1VxFZwjXYKqDAqIImuocFj6qCXDW53fOH,Solution_887
JGiuSbZkl622LDIdRygez2LfPlHRCDGUgm63itUdfYtMvsBYkN,Solution_888
cRZRv1d6dWWPLj0CcGJu4osZ2WRs3O29dV8y3xVkLDfkv0C9bg,Solution_889
ZBnIHj1E8XO5aUDjZPiKTrgN59znkoqe241ucQe2XmQrfrEbnS,Solution_890
5IOBNxjhgYIb20x2707k6SpQyD7e9Y1fTm2yHgFWldtYWSnNwu,Solution_891
L622KJyQ5fu40HmhVUmVL7bI0R5ujUZcMwaJUacHobmE6KskYB,Solution_892
7eYaaT27SQXeU3ICCD2vAXmNFDygyLpUVFIGaKi8H1bUXAgmzi,Solution_893
xOhA4cqj4pd8cAqVr6NDBa83D1ZqkBcbWkLBLJ20LE3kLdQrHX,Solution_894
lUL1nctdPvzO2tbfJ8E49gDn6xXQRNnoaQd3xF4sja365eGwfz,Solution_895
YS3spZVGBuAZAURzevBLKW9zl6QD3EevoWSUf9XSIzwhnd975a,Solution_896
5kiV7s3SlzUiFp5Hj7fS947iSVyR5c2YHTWSBKwlMMlbUXkSli,Solution_897
3OEtE2qjzPah1qOmdHXZGnuwwk1z7UzKwPXptnCH5NcUirGw6b,Solution_898
5868WWv9i7hTWFWopZy6VAKjndZfdqNKgfde1bqvkG9WlvyFBP,Solution_899
Cruql1TX1ZWPr3CJR8dnx4W287c1ip8lwUHyTFtxmtAZSH5LXq,Solution_900
9Rl7AQ03WwlwjkGQA2y6nuN8tKfMYtGXe15gp9AsDMH9IfN3Qk,Solution_901
Pqg9rUVLv0xUaAzRP56TnPLqdhRSrXdCcsfChWUaj22opA5pQM,Solution_902
8Sf9ujdI4QVueDWI6cxLIw5wU2yJARPoBfMqOYxk74kBvbQjPM,Solution_903
sRqDrhNAvPyy2cerp3D6OX7m3HqLujRaKbhYqJMDQE167C7F1e,Solution_904
7fBlkUSQyKK36WKQZvk9hFTFwL5uONLP7bGyRtUKWcMJylKcSc,Solution_905
EsxCa71FjNdvaclP4HOo1olWzkG0TCz6OfiAlHsuHB83wfE0QY,Solution_906
2a2pFFpyRPjXo0bQfLA5ciqwQO1b3lV2S1fct355nhP4A563nH,Solution_907
MMP3XBogHX0je5ucVzGJiMnYLQLCD81Fse0MzGxc436elrB6vt,Solution_908
0mZ2GGFaIFcHfwDinjYDJvY2qdlx6GNESYkbSJfc8KumdBfyxn,Solution_909
f6b3LfrTKgz0i9fZKeB3Ezcd1KH8TcPy4L1nGDT1ATXHC66J7X,Solution_910
OqobDYzPrdYFNFgYOtVEfHiKjFt7ubY5GEJCzuFQZYkQvdkV0R,Solution_911
FcG2TlvMbN7UWec9dNdgL3etSQVBMXqsuMU1y5wcBp07tdOScA,Solution_912
cvlLsIue2M9wMAiETQRYUPOS5yCE2LFJxsmOzofVlgJQsm74a1,Solution_913
akBPIoN5FZmocz0Zuh9fDCZMtv7VvEt4NlHnOntbUJ085hrWTw,Solution_914
T43v1pvMFF8uFUlw5z5ngbLGtKOAjz9i9aLwvsVHGPI0VR2WNa,Solution_915
0NHoHYo0XsnMa6iP5Oojz3csKKgLRgRhuBnFVnamArhDuEpbWN,Solution_916
rYKj5569cbTl7Q1bBWDTwEgcQIEd8ZDQsq2UOQ1lzDwyODV4UT,Solution_917
P8P6O63xK36NbeOoKulhDoplpE6NRLlWMRcjhQGZColbEUiIZz,Solution_918
7SGy4kufQFBUHbdCbQBDNLZr6Bvqz3KjfMV5VwWaqiGVvgBvgd,Solution_919
QA3vJX9FBqxiH9yAzHPYex1MsIWpVfmKCkTcFL0XJNC9Om3nZU,Solution_920
7Dl6hEJtu6KDURiBqUJBwjNzVQjv9EMvz1zDwwTb8F8JCCuIWI,Solution_921
dvWCBsdZoieqNusQOhneG90Xs2RTChxIsFOpJIPiJB1ZMXallJ,Solution_922
gym55fJksKYE6eV5e8701ULyQBWGeZxPWs56XGT4wcx9Zpjqt6,Solution_923
FUnnQtEi1I08WGtPQLUpHbRyqsdVIBX22wIQmm7eFITt1aOdqD,Solution_924
CIKxh2WErNG6oLiSCkVER4cxfw0XIXpekPoM3s9MDuIZ6Kvy3x,Solution_925
aNROHt9ZfYOxYNAsvuNxbb6rIhTn5js0NHMK9nuFsg0jv1R5WZ,Solution_926
yViwVrjKdkPMgDWOIazuxrRgNobNETB9O2OtIbKw30EG07QDDe,Solution_927
M3VTsItM0hF9GujyO27elyPKHCE3HZB7dPbjhirycc5tMICAeC,Solution_928
7nViYKphDg6yFmI630yGn3OUQZW5wJZYQ1j0sSTEDVFaOnW6bF,Solution_929
puhI8iXnQtJUm1ltaKZqJ8qLrSycnnV6tu2LMBynuqMWpLgfIW,Solution_930
4k12m1JjLsi0fEyFNs0RmttOd9jPQehWZk2AuwfkVDk97scZVY,Solution_931
gwXASGb8PBZRFMxtAQHQTBDWMzAJ8gwucGGv5GeGWxhzfMtzZ2,Solution_932
JO37id6IB5tiYPhtsCYYL1MUmJ7jQhdDGysbNa1yq0nOaja6eV,Solution_933
alPNmaj9MmcDQiqvow9jMCgR47fafiO4z9jB7ZD3QrymJv9pjx,Solution_934
kiLCJWDxtknmyCj6SHwU70vtDAlmV5PpQif0mYH7Wmosm1id1F,Solution_935
wSLcn1hQTCL2PzQljHVcOh3zaDocUH93XZZpij8XtXIK9n3pAT,Solution_936
tHiDdNOpWU0oDTbS3NQD9xKnr2pCJcAZGMEThBHoMJgc2R0DBY,Solution_937
hleT5ryYMvassZ2g7ahMfgfWGC0y5lLX3ZX65Nulj39CMgyfQs,Solution_938
eoLhHcq0MzemBI6rrIV6HBqRbyEvVi4rJ6RKC4nisu4qHkwH3r,Solution_939
qYMGJW1A0d33iDrV4YcWBlJstNanIb62H0GVFgUBomC2Jspb44,Solution_940
vRwo1Qm02xRKj2kwXR5SsoSHTZtSC1vgxhtMxFXab1oc6rvX2R,Solution_941
CaZBZH4Xj0MI7xh6sd93a2z8aSgVE6b8w98mX1DS2LqqgLYpDQ,Solution_942
DsyuM8WukQuM58YI4ojP1zYuxqwxVFohoRSNh1FsdNCxpcHMFw,Solution_943
fIvMtxDqiOxJXjNpruHYt6VkpwZohQ2nm18HoLn1IMMMOWYIPI,Solution_944
Icf4RqQbfeyqp5frNUeOYczAagiKIR7R8REX616aUnQQWizkeB,Solution_945
zHFQnpXKPT0tqvcU6quCqx6ZWeh1W3rjmW74sdhDjtE3dgMkqq,Solution_946
k8XwtUUPOMyXmiPR6p17DiNA41J3eP0XBLKJ3lKjjMVJqMWReM,Solution_947
mUOqyWd9xfxTvBhqynHZEfeRptrRzDOphJE8Pfk8MOroRg70L1,Solution_948
8LBoiqOzX5i6mVKN9UgS8gqRiayiOAAkTPQUSwdDMOvz6vCmqW,Solution_949
m6uRq0cK5kigXeTNeKCUVVVKAxPcsaofu0sxujdFaqq3wMn1xT,Solution_950
1IyyHqpmgp88oqiWPCnKVZ4QszrYHc6iXq9XLpOBUX6IM8ge5W,Solution_951
dMRMZHwl8iIzmEEDu1YslggXAfl5azqkcxZVs0iEZQYri75AYJ,Solution_952
UpmCiEAhjC1fcrVxX7Bea5ad8ice48SpF1gBxQfmXB9mymtdSX,Solution_953
z2WMFLudgusm3gbCzvJLfJhT2R797782e9rSM2ZQirnOCjZdzL,Solution_954
ff0Y5AXXSpwa4Km9ejgPj0vJONbhEXirg7XYVd8n2MsQIndoBz,Solution_955
Q5gImeFaOXAePoDdmLFqbxCEz4UhJnvv0HN1O9ddyvfMdzKGqT,Solution_956
KSnXYv0ierVbg7Cj64G4QsMfkjBumU74kX6ZZ6JhjkZhV6p4jD,Solution_957
svIA1xlyDLnARBJfRrUHVNZ0e8D8emhKXCp8869D061bmFsaRe,Solution_958
QQcFYRLgBc1T5M3dh1wYV0ISDSyRWTRv4Y3ljckERmPWwU88To,Solution_959
W359VqzdW7SKgHAmukOlpFuKTZ1384wFoAx3bCSKuheSQd8CBc,Solution_960
IfhHlj4wCUPEf6FD8yBBidrq7UYfOGZIFxYd9agfYwWoFIUGvE,Solution_961
yRe2FKhx7ycKZKYSbrgwMfgHDTpJKYKADG7dBA0gYGDLbmv8oB,Solution_962
pcbiMeNA4gwh2xTcwwzDlOu2WAd17hj1mtpaK83mnFZpXxo2WX,Solution_963
7uzl14oziERANr0dY0vLY0IAGPjSqGtIhtHUVijJASs1E9PD8t,Solution_964
Rg63dANd3BysRjY34P8Qas8t0H9eZUrRbXis7k3BSc6DFqlc5K,Solution_965
xeBy9gbgEAKvdhU6p2LEUaTHE7x3lbLSTHuEYIQeaU6Vs73QYo,Solution_966
9p96qpSlBLidMgarb7cZP0ACcyAIdW4QelyGnEu2aN5tRGuMlc,Solution_967
qQVUWEFjaIFH6gIvdOLKy2catSYiVTev1ib0JvIC3uN7B2l4mq,Solution_968
1HzQ2eo2R4pwui495LKn8HrFb0eVPgeWIlaoMsrqO59fyseP6S,Solution_969
Fj0XiIrEVw8MMeQvPiyGahG0DRKfspj8VeQyEHaCsBxKWGyyqV,Solution_970
FyrQaTazj6NnTRfKtBWMMF8nqu2vFT3tdfW1AH6TtFSPq0C3R3,Solution_971
C5LQseeFIVnlmQiqgY8mK6csrcAM5hRJxkmZ3Sl1mlXWNsGeS0,Solution_972
TUrL6fkXsTtGF88lf0v606yz09lIyleLND13uH2rn2bMZfdSfQ,Solution_973
Zl4mkiKHV3qD8ZIidyQtS0PZARca5r2cDoSMBEhCU8YURCafIG,Solution_974
GNJcNld5Yx5ElROX4jDe8sUg5I0JXL1YTgr7Z0sWrOvVcjoVBv,Solution_975
MFrtnSRJWXVGMDaUy5gt8EnRxuS1M49inivlx5hKzVqiYPHbGa,Solution_976
PsA5X7WhT5zX3nZW1xHH0YbWeyzkigXaRuqANfugcdpt4SjOvH,Solution_977
hYiNSWOUf4OnQKKICiTVh5hxKXm7Xt3LcLjSQLN2WLFDNL9ZI5,Solution_978
Zc3r9TVJcI2vAXtJiYD2Gq0cWYQQuJgcf4X65QgZn80NaAna2Z,Solution_979
RGTcxUmpIpBYdD6dIepAZgZG7oOsj6ikRvYj4fS3fbXdKDzZ8E,Solution_980
3yQtJxQodU2OUXWNe1R5DNgInRMxRlpsDDLZpqvmaOcC6bopFQ,Solution_981
KzNRp2pWmkegt77IucreCPpJP6OEu2GHY3dqRMn8fXm1LFi0U1,Solution_982
jFeAHA7RAYBR5UKQfKLZr0rIlNnCuAjENhGfuToM90I8EEItcq,Solution_983
6Nxe3ZoPn0jGwsJfSamZpJqJu7gwAlbNgPQC8dTdhNeRQzGgUm,Solution_984
asPKtproVB3UviM2F4Ej7qWw8X8366rRar82MmUCZdNpLX0uUB,Solution_985
vYIHCRKKn7YuitegNbOytFhZ1UQfisml2bP00yWwNm9KUH7wou,Solution_986
afd05FiRZF97d7PoNfMzvYOwjH1p674MpFs9P7gaF2s3aokCcu,Solution_987
LYBUEpd6tQjRhvR1IAmFtlrFUJDmtdl2nMhjTF7bwekjFiCSvu,Solution_988
WsYUSFCNs4bOqNHAoP9ti44yv1TSwDFZFpx0Depvm2Ni7mbZ3r,Solution_989
KFvrklyDDBLiB0SvLaWOWdLfM5B47AI6YJnObQJ6W9TdZ0QFFM,Solution_990
CQCoO0jvrI4Kvm1bOUBZ57mMS9jgBjWWHWh7LI9sGUEFeLlzYv,Solution_991
KlXeMeMZYq1Ym4ij179PGXkYiZwV6xLBaRIhM2FXFw5yJWGPSV,Solution_992
ss2IlLQ9Z5pMXfBbbZNOuQUpkMoEyPN5MpGp5hCdaVnYEoXpFY,Solution_993
lVZTbtVq29nK8gWfoWMXRZGawGkU4KtD0Uc0OeIzYGITzmgxHQ,Solution_994
N7B7fw8aUx8uiaYXenmiO6VC2M5c2ADildpPDO24c2pacl1WPn,Solution_995
WzHbdHpWCb5bEkTO8sndXSpXPyk71TfmP3Dsq1Ft5D0eXCcdtD,Solution_996
EH6b2WDaF8QTgGtgwBesFWjal8ZsTT61uJduhB50YA7Bj57NCb,Solution_997
g3U8jRVDdQmk2nqjilxovx79XjMVrojLLvgA6RBqoly8408kRk,Solution_998
YQBS30d4bLjW1wkMz7VyH0DEDSoXqAVpxVO584wuAB7eggmAn8,Solution_999
81nMN6CelxzSsbJ2wMni97dIzObDys56EggjcbM6iXrhFQiRBh,Solution_1000
