timestamp,log_level,server_id,log_message
2023-04-27 23:44:53,ERROR,lt-41.kirk-rogers.com,Robust leadingedge paradigm
2023-03-09 10:21:44,WARNING,web-61.boyer.com,De-engineered 24/7 service-desk
2023-06-26 17:50:25,ERROR,desktop-63.taylor.com,Reactive static algorithm
2023-01-28 21:07:32,WARNING,laptop-28.ward.com,Cross-platform grid-enabled array
2023-04-09 06:34:01,ERROR,db-46.browning.biz,Inverse homogeneous interface
2023-03-26 05:22:15,WARNING,lt-85.downs.info,Phased needs-based paradigm
2023-04-08 18:42:46,INFO,srv-18.rodriguez.com,Vision-oriented full-range interface
2023-07-22 06:04:42,INFO,lt-60.hayes-sandoval.org,Intuitive fresh-thinking encoding
2023-04-05 15:30:46,ERROR,web-43.rodriguez-johnson.com,Cloned didactic infrastructure
2023-05-17 03:47:15,ERROR,email-36.schroeder-wilson.com,Proactive fresh-thinking collaboration
2023-06-08 05:22:44,WARNING,lt-48.miller-madden.info,Open-architected methodical policy
2023-02-17 07:30:23,ERROR,srv-59.cook-garcia.info,Profound upward-trending complexity
2023-05-19 10:04:48,ERROR,web-26.jackson.com,Up-sized empowering functionalities
2023-01-12 21:52:11,WARNING,email-99.cooper.biz,Multi-lateral 3rdgeneration productivity
2023-05-20 19:07:41,ERROR,web-92.west.net,Synergistic tertiary function
2023-06-08 05:19:39,ERROR,srv-74.richardson-martinez.com,Distributed zero tolerance implementation
2023-02-25 20:50:43,WARNING,lt-24.moreno-carter.com,Ergonomic upward-trending interface
2023-07-08 04:15:51,INFO,lt-38.dixon-chandler.com,Pre-emptive intermediate success
2023-01-20 10:29:43,INFO,db-53.perez.org,Open-source web-enabled framework
2023-04-25 23:59:29,INFO,email-84.long-farley.com,Persistent even-keeled alliance
2023-06-25 22:56:27,WARNING,desktop-91.fowler-foster.net,Re-contextualized systematic hub
2023-05-22 07:33:48,WARNING,db-58.osborne.com,Customer-focused value-added structure
2023-04-25 08:37:01,WARNING,srv-31.gibbs.com,Multi-lateral didactic synergy
2023-02-20 06:04:17,ERROR,desktop-14.wilson.com,Persevering zero administration complexity
2023-05-21 05:02:02,ERROR,db-35.howard.biz,Profound non-volatile secured line
2023-04-24 23:35:09,WARNING,db-02.velasquez.com,Secured zero tolerance definition
2023-02-09 12:59:14,WARNING,db-38.davis-thompson.info,Progressive discrete open system
2023-03-31 06:29:17,WARNING,web-81.ruiz-kelly.info,Front-line maximized array
2023-02-21 10:29:31,ERROR,srv-33.romero.info,Universal well-modulated groupware
2023-06-01 14:52:08,WARNING,lt-24.marsh.com,Visionary real-time service-desk
2023-01-07 15:59:17,WARNING,web-73.dunn-smith.net,Reactive 24hour moderator
2023-02-11 08:39:34,WARNING,web-08.diaz.com,Upgradable real-time system engine
2023-06-09 12:46:51,WARNING,lt-91.fernandez-hines.info,Configurable attitude-oriented pricing structure
2023-03-22 06:16:22,INFO,web-10.davis.org,Vision-oriented bi-directional challenge
2023-01-31 09:23:50,ERROR,desktop-31.smith-thompson.org,Vision-oriented optimal service-desk
2023-06-15 22:06:58,ERROR,db-50.hardin.com,Virtual multimedia structure
2023-03-16 08:01:14,INFO,db-86.fisher.com,Profound cohesive success
2023-04-18 04:51:53,INFO,srv-82.perez.biz,Vision-oriented stable framework
2023-04-11 11:09:55,WARNING,desktop-75.combs.com,Ameliorated hybrid installation
2023-03-24 02:10:30,WARNING,email-48.jones-odom.com,Secured radical protocol
2023-03-01 23:41:54,INFO,laptop-50.dunn.com,Inverse bifurcated function
2023-01-24 15:12:12,ERROR,srv-48.griffin.com,Ergonomic background customer loyalty
2023-03-07 21:48:11,INFO,desktop-65.day-hardy.com,Managed background structure
2023-01-19 19:40:48,ERROR,srv-05.skinner.com,Focused upward-trending extranet
2023-02-02 21:14:43,INFO,web-08.johnson.com,Extended object-oriented encryption
2023-01-12 13:05:15,WARNING,web-29.fisher.com,Stand-alone dedicated frame
2023-05-23 09:42:12,WARNING,srv-58.mcguire.com,Upgradable motivating info-mediaries
2023-05-28 22:39:47,ERROR,db-74.carr.com,Object-based bottom-line strategy
2023-07-07 08:32:57,INFO,db-29.stephenson.net,Total content-based extranet
2023-01-06 00:06:57,INFO,email-02.nguyen-diaz.com,Universal systemic challenge
2023-06-06 02:29:14,ERROR,web-48.swanson.com,Organized methodical strategy
2023-02-22 16:55:19,INFO,desktop-61.wiggins.org,Quality-focused disintermediate contingency
2023-05-14 10:17:41,ERROR,web-33.hill-blackburn.biz,Multi-lateral value-added website
2023-02-08 10:08:38,ERROR,db-50.brewer-wilson.com,Intuitive homogeneous budgetary management
2023-06-29 05:21:43,WARNING,web-06.burns-cameron.org,Compatible directional budgetary management
2023-02-18 19:32:33,WARNING,srv-34.rose-ward.biz,Automated optimizing website
2023-05-03 15:31:57,WARNING,email-18.scott.com,Multi-channeled impactful secured line
2023-05-18 00:00:32,WARNING,web-90.ramirez.net,Proactive tertiary toolset
2023-06-15 00:01:22,ERROR,laptop-82.robinson.com,Sharable client-server functionalities
2023-04-21 06:20:22,WARNING,db-65.griffin.org,Adaptive 24hour matrix
2023-01-01 02:47:42,WARNING,lt-57.miller-jackson.com,Innovative zero-defect product
2023-03-02 14:24:09,INFO,srv-78.harrell.com,Profound intangible customer loyalty
2023-05-17 01:16:04,ERROR,lt-04.pennington-white.com,Triple-buffered uniform intranet
2023-06-25 03:46:28,ERROR,lt-03.williams.net,Monitored global migration
2023-03-14 19:22:33,INFO,srv-87.schwartz.info,Fully-configurable holistic projection
2023-01-12 12:00:30,WARNING,email-12.mills-chapman.com,Managed system-worthy orchestration
2023-06-10 08:16:33,WARNING,desktop-49.collins-preston.com,Universal user-facing circuit
2023-04-11 17:47:00,INFO,lt-44.dorsey.net,Managed upward-trending forecast
2023-06-12 18:42:37,ERROR,desktop-94.atkinson.com,Visionary foreground support
2023-07-17 20:25:04,ERROR,srv-27.osborn.net,Configurable explicit parallelism
2023-06-17 09:30:09,INFO,lt-56.martinez.com,Public-key secondary encoding
2023-03-16 11:17:03,ERROR,db-63.wilson.com,Pre-emptive homogeneous projection
2023-05-06 21:24:06,WARNING,web-86.davis.com,Monitored leadingedge collaboration
2023-05-25 09:22:01,INFO,db-50.chang.com,Expanded context-sensitive array
2023-06-01 03:44:43,INFO,srv-22.lewis.com,Ergonomic optimal framework
2023-03-15 03:06:52,WARNING,laptop-90.russo.com,Vision-oriented foreground matrix
2023-06-21 12:36:08,INFO,desktop-20.mueller.org,Diverse stable algorithm
2023-03-20 01:40:31,ERROR,email-56.ross-wilson.com,Right-sized context-sensitive data-warehouse
2023-01-04 02:23:27,ERROR,lt-55.lee.org,Advanced cohesive installation
2023-06-17 13:34:54,INFO,db-74.sanchez.info,Organic needs-based policy
2023-03-29 22:27:37,WARNING,desktop-89.ball.org,Compatible discrete forecast
2023-03-24 20:54:58,ERROR,db-60.michael.com,Automated multi-tasking customer loyalty
2023-07-18 05:41:32,INFO,web-22.ramirez-park.com,Profit-focused human-resource system engine
2023-03-02 10:30:41,ERROR,web-34.brooks.com,User-centric optimizing database
2023-01-27 10:13:33,INFO,srv-54.torres.net,Triple-buffered zero tolerance architecture
2023-03-30 16:32:49,ERROR,web-09.rosales.com,Polarized coherent application
2023-05-26 13:42:23,ERROR,srv-03.leonard.info,Reduced bandwidth-monitored support
2023-03-27 14:07:59,INFO,lt-36.hamilton-armstrong.net,Robust exuding encryption
2023-03-13 17:31:57,ERROR,email-06.houston.com,Extended clear-thinking Graphic Interface
2023-06-01 22:58:11,INFO,db-79.frazier.com,Optional object-oriented architecture
2023-05-06 03:20:15,ERROR,email-79.reynolds.com,Self-enabling client-server toolset
2023-03-03 20:37:43,ERROR,db-71.williams.com,Synchronized leadingedge software
2023-03-29 01:13:51,INFO,db-34.burns.org,Upgradable 6thgeneration forecast
2023-03-03 14:44:14,INFO,lt-64.alvarez-thompson.com,Decentralized content-based solution
2023-01-14 10:46:02,WARNING,desktop-73.sims-miles.com,Public-key executive protocol
2023-01-29 23:32:49,INFO,web-02.johnson-harris.biz,Mandatory zero-defect throughput
2023-04-05 16:15:43,INFO,lt-13.moore-miles.org,Multi-lateral high-level core
2023-07-19 20:41:52,INFO,email-63.lewis.info,Polarized exuding project
2023-01-13 11:21:53,ERROR,lt-46.barnes.com,Front-line 4thgeneration frame
2023-05-04 03:32:10,ERROR,desktop-87.johnson.net,Polarized client-server paradigm
